읍면동,단지명,설치위치,클린하우스 형태,도로명주소,지번주소,위도,경도,데이터기준일자
대정읍,매일시장 뒤,대정읍클린하우스 - 02,비가림시설,-,제주특별자치도 서귀포시 대정읍 하모리 814-2,33.2214203,126.2536304,2020-06-11
대정읍,송악산대합실,대정읍클린하우스 - 03,비가림시설,-,제주특별자치도 서귀포시 대정읍 상모리 132-1,33.2080393,126.2883118,2020-06-11
대정읍,운진항 앞,대정읍클린하우스 - 04,비가림시설,-,제주특별자치도 서귀포시 대정읍 하모리 634-11,33.2115487,126.2572048,2020-06-11
대정읍,안나식당 동쪽,대정읍클린하우스 - 05,비가림시설,-,제주특별자치도 서귀포시 대정읍 하모리 977-2,33.2233791,126.2491164,2020-06-11
대정읍,상모1리사무소 북쪽,대정읍클린하우스 - 06,비가림시설,-,제주특별자치도 서귀포시 대정읍 상모리 2650-3,33.2265457,126.2668667,2020-06-11
대정읍,마을회관 북쪽삼거리,대정읍클린하우스 - 07,비가림시설,-,제주특별자치도 서귀포시 대정읍 보성리 1577-1,33.2525967,126.2703351,2020-06-11
대정읍,신장동,대정읍클린하우스 - 08,비가림시설,제주특별자치도 서귀포시 대정읍 추사로 285,제주특별자치도 서귀포시 대정읍 신평리 102,33.2641661,126.260113,2020-06-11
대정읍,인향동 노인회관앞,대정읍클린하우스 - 09,비가림시설,제주특별자치도 서귀포시 대정읍 무릉인향로14번길 21-2,제주특별자치도 서귀포시 대정읍 무릉리 132-1,33.27839219,126.2460946,2020-06-11
대정읍,죄기동놀이터,대정읍클린하우스 - 10,비가림시설,-,제주특별자치도 서귀포시 대정읍 무릉리 568-7,33.273852,126.233692,2020-06-11
대정읍,평지동 마을회관,대정읍클린하우스 - 11,비가림시설,제주특별자치도 서귀포시 대정읍 무영로228번길 19,제주특별자치도 서귀포시 대정읍 무릉리 973-1,33.2812017,126.2238461,2020-06-11
대정읍,동일2리사무소,대정읍클린하우스 - 12,비가림시설,-,제주특별자치도 서귀포시 대정읍 동일리 274,33.257789,126.237018,2020-06-11
대정읍,어민회관,대정읍클린하우스 - 13,비가림시설,-,제주특별자치도 서귀포시 대정읍 일과리 1509-2,33.2467068,126.2229603,2020-06-11
대정읍,어민회관 서쪽,대정읍클린하우스 - 14,비가림시설,제주특별자치도 서귀포시 대정읍 서림로23번길 2,제주특별자치도 서귀포시 대정읍 일과리 1538-6,33.24778532,126.2239613,2020-06-11
대정읍,영락리사무소 뒤,대정읍클린하우스 - 15,비가림시설,제주특별자치도 서귀포시 대정읍 영락중동로 11,제주특별자치도 서귀포시 대정읍 영락리 1282-2,33.25855534,126.2109754,2020-06-11
대정읍,신도1리사무소,대정읍클린하우스 - 16,비가림시설,제주특별자치도 서귀포시 대정읍 도원남로 171-7,제주특별자치도 서귀포시 대정읍 신도리 1408-1,33.27815516,126.191727,2020-06-11
대정읍,바자동삼거리,대정읍클린하우스 - 17,비가림시설,-,제주특별자치도 서귀포시 대정읍 신도리 2072-13,33.2843304,126.1824748,2020-06-11
대정읍,신도3리사무소,대정읍클린하우스 - 18,비가림시설,제주특별자치도 서귀포시 대정읍 비자낭로 8,제주특별자치도 서귀포시 대정읍 신도리 2067-24,33.28669847,126.1845117,2020-06-11
대정읍,신도3리사무소 북쪽,대정읍클린하우스 - 19,비가림시설,-,제주특별자치도 서귀포시 대정읍 신도리 1920-3,33.2875297,126.184068,2020-06-11
대정읍,해녀탈의장 옆,대정읍클린하우스 - 20,비가림시설,-,제주특별자치도 서귀포시 대정읍 신도리 3076-2,33.2762978,126.1689502,2020-06-11
대정읍,방앗동네,대정읍클린하우스 - 21,비가림시설,-,제주특별자치도 서귀포시 대정읍 신도리 2633-4,33.2800877,126.1729316,2020-06-11
대정읍,어촌계창고,대정읍클린하우스 - 22,비가림시설,제주특별자치도 서귀포시 대정읍 도원로26번길 1,제주특별자치도 서귀포시 대정읍 신도리 3094-1,33.27680396,126.1732646,2020-06-11
대정읍,무릉2리사무소 맞은편,대정읍클린하우스 - 23,비가림시설,-,제주특별자치도 서귀포시 대정읍 무릉리 630-2,33.274715,126.234713,2020-06-11
대정읍,독고동,대정읍클린하우스 - 24,비가림시설,-,제주특별자치도 서귀포시 대정읍 영락리 279,33.262808,126.219175,2020-06-11
대정읍,하동삼거리,대정읍클린하우스 - 25,비가림시설,-,제주특별자치도 서귀포시 대정읍 영락리 1747-4,33.25301,126.203528,2020-06-11
대정읍,대합실 북쪽,대정읍클린하우스 - 26,비가림시설,-,제주특별자치도 서귀포시 대정읍 영락리 1242-2,33.261089,126.208721,2020-06-11
대정읍,상동삼거리,대정읍클린하우스 - 27,비가림시설,-,제주특별자치도 서귀포시 대정읍 신평리 603-1,33.2680094,126.2608707,2020-06-11
대정읍,보건진료소 앞,대정읍클린하우스 - 28,비가림시설,-,제주특별자치도 서귀포시 대정읍 신평리 370-4,33.2657306,126.2574763,2020-06-11
대정읍,서림슈퍼 맞은편,대정읍클린하우스 - 29,비가림시설,-,제주특별자치도 서귀포시 대정읍 일과리 1467-1,33.2428272,126.2257253,2020-06-11
대정읍,안성리사무소,대정읍클린하우스 - 30,비가림시설,-,제주특별자치도 서귀포시 대정읍 안성리 1478-2,33.2498172,126.2797699,2020-06-11
대정읍,농공단지 제주팩,대정읍클린하우스 - 31,비가림시설,-,제주특별자치도 서귀포시 대정읍 일과리 산1-8,33.2558601,126.2233987,2020-06-11
대정읍,신호등식당 북쪽,대정읍클린하우스 - 32,비가림시설,-,제주특별자치도 서귀포시 대정읍 하모리 2121-28,33.2267353,126.2478171,2020-06-11
대정읍,힐링타운 입구,대정읍클린하우스 - 33,비가림시설,-,제주특별자치도 서귀포시 대정읍 상모리 3675-6,33.2304382,126.2567619,2020-06-11
대정읍,하모1리사무소 남쪽,대정읍클린하우스 - 34,비가림시설,-,제주특별자치도 서귀포시 대정읍 하모리 566-2,33.2155073,126.2552011,2020-06-11
대정읍,진동산슈퍼 사거리,대정읍클린하우스 - 37,비가림시설,-,제주특별자치도 서귀포시 대정읍 상모리 4083-1 ,33.2211342,126.2582452,2020-06-11
대정읍,가파리사무소,대정읍클린하우스 - 38,비가림시설,제주특별자치도 서귀포시 대정읍 가파로 72,제주특별자치도 서귀포시 대정읍 가파리 70-6,33.16601738,126.2737858,2020-06-11
대정읍,상동항서쪽,대정읍클린하우스 - 39,비가림시설,-,제주특별자치도 서귀포시 대정읍 가파리 210,33.174189,126.269952,2020-06-11
대정읍,보성리사무소내,대정읍클린하우스 - 40,비가림시설,제주특별자치도 서귀포시 대정읍 추사로 93-11,제주특별자치도 서귀포시 대정읍 보성리 1587-1,33.25104042,126.2726369,2020-06-11
대정읍,평지동정류장,대정읍클린하우스 - 43,비가림시설,-,제주특별자치도 서귀포시 대정읍 무릉리 943-15,33.282145,126.223673,2020-06-11
대정읍,하모3리 사무소 주차장,대정읍클린하우스 - 44,비가림시설,-,제주특별자치도 서귀포시 대정읍 하모리 1077-1,33.2216472,126.2474475,2020-06-11
대정읍,무릉1리사무소 동쪽,대정읍클린하우스 - 45,비가림시설,-,제주특별자치도 서귀포시 대정읍 무릉리 2865-3,33.27051,126.203652,2020-06-11
대정읍,무릉문화의집 앞,대정읍클린하우스 - 46,비가림시설,-,제주특별자치도 서귀포시 대정읍 무릉리 3314-8,33.272613,126.198914,2020-06-11
대정읍,전지동하우스,대정읍클린하우스 - 47,비가림시설,-,제주특별자치도 서귀포시 대정읍 무릉리 3473-3,33.271775,126.1956,2020-06-11
대정읍,전지동 마을안,대정읍클린하우스 - 48,비가림시설,제주특별자치도 서귀포시 대정읍 무릉사장로 12-1,제주특별자치도 서귀포시 대정읍 무릉리 3097-1,33.26703581,126.1977281,2020-06-11
대정읍,일과2리사무소,대정읍클린하우스 - 49,비가림시설,-,제주특별자치도 서귀포시 대정읍 일과리 1516-3,33.2460174,126.2212179,2020-06-11
대정읍,상모대동경로당 앞 삼거리,대정읍클린하우스 - 50,비가림시설,제주특별자치도 서귀포시 대정읍 상모대서로 20,제주특별자치도 서귀포시 대정읍 상모리 3872-3,33.22492908,126.2566674,2020-06-11
대정읍,토요시장 공중화장실,대정읍클린하우스 - 51,비가림시설,제주특별자치도 서귀포시 대정읍 최남단해안로30번길 16,제주특별자치도 서귀포시 대정읍 하모리 2128-6,33.21795105,126.2507324,2020-06-11
대정읍,상동입구 삼거리,대정읍클린하우스 - 52,비가림시설,제주특별자치도 서귀포시 대정읍 중산간서로 2302-6,제주특별자치도 서귀포시 대정읍 구억리 788-3,33.27898594,126.2830577,2020-06-11
대정읍,상모아파트 동측공용주차장,대정읍클린하우스 - 54,비가림시설,-,제주특별자치도 서귀포시 대정읍 상모리 3970-2,33.2225613,126.2551503,2020-06-11
대정읍,일과1리 대수동 경로당 앞,대정읍클린하우스 - 55,비가림시설,-,제주특별자치도 서귀포시 대정읍 일과리 1303-9,33.2390056,126.2282013,2020-06-11
대정읍,영락리4통배수지앞 삼거리,대정읍클린하우스 - 56,비가림시설,-,제주특별자치도 서귀포시 대정읍 영락리 1173-1,33.264815,126.209829,2020-06-11
대정읍,한창기계,대정읍클린하우스 - 57,비가림시설,-,제주특별자치도 서귀포시 대정읍 하모리 1403-2,33.2267691,126.2527251,2020-06-11
대정읍,영어교육도시내A-20블럭,대정읍클린하우스 - 58,비가림시설,-,제주특별자치도 서귀포시 대정읍 보성리 2403 ,33.291012,126.282573,2020-06-11
대정읍,NLC스쿨 축구장 앞,대정읍클린하우스 - 59,비가림시설,-,제주특별자치도 서귀포시 대정읍 구억리 1101,33.295742,126.290595,2020-06-11
대정읍,영어교육도시내 삼정A,대정읍클린하우스 - 60,비가림시설,제주특별자치도 서귀포시 대정읍 에듀시티로 148,제주특별자치도 서귀포시 대정읍 보성리 2424,33.28408845,126.2742565,2020-06-11
대정읍,서부보건소,대정읍클린하우스 - 61,비가림시설,-,제주특별자치도 서귀포시 대정읍 하모리 765-6 ,33.2178503,126.2506219,2020-06-11
대정읍,사장동 동쪽 입구 삼거리,대정읍클린하우스 - 62,비가림시설,-,제주특별자치도 서귀포시 대정읍 무릉리 3734-4,33.262706,126.199916,2020-06-11
대정읍,구연청사무실 옆,대정읍클린하우스 - 63,비가림시설,제주특별자치도 서귀포시 대정읍 상모로191번길 10,제주특별자치도 서귀포시 대정읍 상모리 2669-3,33.22465075,126.2681181,2020-06-11
대정읍,한길밭 사거리,대정읍클린하우스 - 64,비가림시설,-,제주특별자치도 서귀포시 대정읍 무릉리 1139-3,33.276941,126.231927,2020-06-11
대정읍,서부 복지관 주차장,대정읍클린하우스 - 65,비가림시설,제주특별자치도 서귀포시 대정읍 신영로 23,제주특별자치도 서귀포시 대정읍 하모리 1191-1,33.22390252,126.2478797,2020-06-11
대정읍,삼원자동차,대정읍클린하우스 - 66,비가림시설,-,제주특별자치도 서귀포시 대정읍 상모리 3732-6,33.2276168,126.2582134,2020-06-11
대정읍,다솜어린이집 위쪽,대정읍클린하우스 - 67,비가림시설,-,제주특별자치도 서귀포시 대정읍 일과리 226 ,33.2349363,126.2406848,2020-06-11
대정읍,아일랜드 힐,대정읍클린하우스 - 69,비가림시설,제주특별자치도 서귀포시 대정읍 일주서로2842번길 38,제주특별자치도 서귀포시 대정읍 일과리 930,33.2438356,126.2331552,2020-06-11
대정읍,영오종합상사 아래 사거리,대정읍클린하우스 - 70,비가림시설,제주특별자치도 서귀포시 대정읍 인성로25번길 21,제주특별자치도 서귀포시 대정읍 인성리 122-5,33.24736483,126.2849685,2020-06-11
대정읍,그린빌 맞은편,대정읍클린하우스 - 71,비가림시설,-,제주특별자치도 서귀포시 대정읍 구억리 293-1,33.2797067,126.2923557,2020-06-11
대정읍,남제주요양원,대정읍클린하우스 - 72,비가림시설,-,제주특별자치도 서귀포시 대정읍 하모리 1331-2,33.2302753,126.2510549,2020-06-11
대정읍,일번지가든,대정읍클린하우스 - 73,비가림시설,-,제주특별자치도 서귀포시 대정읍 하모리 908,33.2223248,126.2506917,2020-06-11
대정읍,대정모텔 옆,대정읍클린하우스 - 00,비가림시설,-,제주특별자치도 서귀포시 대정읍 인성리 373-1,33.2463156,126.2752816,2020-06-11
대정읍,고을식당 맞은편,적치장,적치장,-,제주특별자치도 서귀포시 대정읍 인성리 368-5 ,33.2474353,126.2754066,2020-06-11
남원읍,남원우체국 북쪽 100m,남원읍-01,비가림시설,-,제주특별자치도 서귀포시 남원읍 남원리 1310-3,33.278714,126.7114169,2020-06-11
남원읍,흥진공업사 북쪽,남원읍-02,비가림시설,-,제주특별자치도 서귀포시 남원읍 위미리 2885-5,33.274867,126.657318,2020-06-11
남원읍,태흥2리사무소 맞은편,남원읍-03,비가림시설,-,제주특별자치도 서귀포시 남원읍 태흥리 553-8,33.287409,126.744811,2020-06-11
남원읍,망장포 불광사 옆,남원읍-04,비가림시설,-,제주특별자치도 서귀포시 남원읍 하례리 36-5,33.262028,126.637806,2020-06-11
남원읍,두레빌라 입구,남원읍-05,비가림시설,제주특별자치도 서귀포시 남원읍 일주동로 8058,제주특별자치도 서귀포시 남원읍 하례리 349-1,33.26380496,126.6253176,2020-06-11
남원읍,하례1리 노인회관 인근,남원읍-06,비가림시설,-,제주특별자치도 서귀포시 남원읍 하례리 605-3,33.269058,126.629101,2020-06-11
남원읍,학림동 버스정류장 옆,남원읍-07,비가림시설,제주특별자치도 서귀포시 남원읍 하례돈야로 28,제주특별자치도 서귀포시 남원읍 하례리 1713,33.29333883,126.6078204,2020-06-11
남원읍,중산간도로 휴애리 입구,남원읍-08,비가림시설,-,제주특별자치도 서귀포시 남원읍 신례리 855-2,33.285494,126.634263,2020-06-11
남원읍,수망리 마을회관 옆,남원읍-09,비가림시설,-,제주특별자치도 서귀포시 남원읍 수망리 313-1,33.328019,126.713549,2020-06-11
남원읍,남원1리사무소 앞,남원읍-11,비가림시설,-,제주특별자치도 서귀포시 남원읍 남원리 1352-1,33.277489,126.7133681,2020-06-11
남원읍,남원읍사무소 북쪽 버스정류장,남원읍-12,비가림시설,-,제주특별자치도 서귀포시 남원읍 남원리 207-10,33.2806524,126.7186579,2020-06-11
남원읍,남원읍사무소 주차장,남원읍-13,비가림시설,-,제주특별자치도 서귀포시 남원읍 남원리 205-18,33.2799398,126.7182775,2020-06-11
남원읍,남원 반석아파트 앞,남원읍-14,비가림시설,제주특별자치도 서귀포시 남원읍 남위남성로 10-8,제주특별자치도 서귀포시 남원읍 남원리 1147,33.28340407,126.7078155,2020-06-11
남원읍,신성동 3거리,남원읍-15,비가림시설,-,제주특별자치도 서귀포시 남원읍 남원리 2419-9,33.2746036,126.6931707,2020-06-11
남원읍,씨사이드홈,남원읍-17,비가림시설,제주특별자치도 서귀포시 남원읍 태위로 726,제주특별자치도 서귀포시 남원읍 남원리 70-3,33.28039329,126.7238844,2020-06-11
남원읍,위미초등학교 뒤,남원읍-18,비가림시설,-,제주특별자치도 서귀포시 남원읍 위미리 4140-5,33.274285,126.651893,2020-06-11
남원읍,공천포식당 동쪽,남원읍-20,비가림시설,-,제주특별자치도 서귀포시 남원읍 신례리 26-7,33.267016,126.643805,2020-06-11
남원읍,맹사리체육공원 내,남원읍-21,비가림시설,-,제주특별자치도 서귀포시 남원읍 신례리 74,33.263328,126.6393,2020-06-11
남원읍,공천포구,남원읍-22,비가림시설,-,제주특별자치도 서귀포시 남원읍 신례리 72-19,33.26265,126.641455,2020-06-11
남원읍,금성동교차로 남쪽 200m,남원읍-23,비가림시설,제주특별자치도 서귀포시 남원읍 태수로 13,제주특별자치도 서귀포시 남원읍 태흥리 950-3,33.28597222,126.740455,2020-06-11
남원읍,신례초등학교 서쪽 100m,남원읍-24,비가림시설,제주특별자치도 서귀포시 남원읍 중산간동로7141번길 2,제주특별자치도 서귀포시 남원읍 신례리 730-1,33.28308318,126.6293875,2020-06-11
남원읍,한남리사무소 서쪽 500m,남원읍-25,비가림시설,-,제주특별자치도 서귀포시 남원읍 한남리 672-3,33.311235,126.691404,2020-06-11
남원읍,대성동사거리 북쪽,남원읍-26,비가림시설,-,제주특별자치도 서귀포시 남원읍 위미리 491-1,33.291851,126.679378,2020-06-11
남원읍,위미1리 어촌계 북쪽,남원읍-27,비가림시설,제주특별자치도 서귀포시 남원읍 위미해안로 43,제주특별자치도 서귀포시 남원읍 위미리 2937-2,33.27102034,126.6586934,2020-06-11
남원읍,위미중학교 인근,남원읍-28,비가림시설,-,제주특별자치도 서귀포시 남원읍 위미리 2061-2,126.664417,33.279801,2020-06-11
남원읍,신제가든 옆,남원읍-30,비가림시설,제주특별자치도 서귀포시 남원읍 태위로 194,제주특별자치도 서귀포시 남원읍 위미리 1664-3,33.27496941,126.6679908,2020-06-11
남원읍,장터가든 맞은편 주차장,남원읍-31,비가림시설,-,제주특별자치도 서귀포시 남원읍 남원리 84-2,33.2788229,126.7192599,2020-06-11
남원읍,청소년문화의집 인근,남원읍-32,비가림시설,제주특별자치도 서귀포시 남원읍 남원체육관로221번길 16,제주특별자치도 서귀포시 남원읍 남원리 1500,33.28096544,126.7090903,2020-06-11
남원읍,동부노인복지회관 게이트볼장 앞,남원읍-33,비가림시설,-,제주특별자치도 서귀포시 남원읍 남원리 1226-2,33.2840978,126.713092,2020-06-11
남원읍,남원생활체육관 진입로,남원읍-34,비가림시설,-,제주특별자치도 서귀포시 남원읍 남원리 1451-4,33.2757734,126.7040761,2020-06-11
남원읍,남원LH 아파트 북쪽,남원읍-35,비가림시설,-,제주특별자치도 서귀포시 남원읍 남원리 19-6,33.2820123,126.720172,2020-06-11
남원읍,태흥초등학교 서쪽,남원읍-36,비가림시설,-,제주특별자치도 서귀포시 남원읍 태흥리 974-3,33.285651,126.742474,2020-06-11
남원읍,수림식당 서쪽 150m 다리,남원읍-37,비가림시설,-,제주특별자치도 서귀포시 남원읍 의귀리 1434 ,33.3094018,126.7104725,2020-06-11
남원읍,리사무소 동쪽 500m 인근,남원읍-38,비가림시설,-,제주특별자치도 서귀포시 남원읍 한남리 58,33.313225,126.70066,2020-06-11
남원읍,한남리 노인회관 북쪽,남원읍-39,비가림시설,제주특별자치도 서귀포시 남원읍 한신로 17-4,제주특별자치도 서귀포시 남원읍 한남리 1656-2,33.31253219,126.6950942,2020-06-11
남원읍,태흥1리 표지석 옆,남원읍-41,비가림시설,-,제주특별자치도 서귀포시 남원읍 태흥리 1804-1,33.282441,126.730467,2020-06-11
남원읍,태흥1리 교차로 입구 남쪽,남원읍-42,비가림시설,제주특별자치도 서귀포시 남원읍 태흥중동로 31,제주특별자치도 서귀포시 남원읍 태흥리 1264-2,33.28580288,126.7337095,2020-06-11
남원읍,태흥전기 옆,남원읍-43,비가림시설,제주특별자치도 서귀포시 남원읍 태위로834번길 3,제주특별자치도 서귀포시 남원읍 태흥리 1337,33.28333489,126.734872,2020-06-11
남원읍,남원2리 의례회관,남원읍-44,비가림시설,제주특별자치도 서귀포시 남원읍 서의로 20,제주특별자치도 서귀포시 남원읍 남원리 381,33.29418883,126.7114427,2020-06-11
남원읍,태흥3리 마을운동장 서쪽,남원읍-45,비가림시설,-,제주특별자치도 서귀포시 남원읍 태흥리 63-6,33.289915,126.757621,2020-06-11
남원읍,남원2리 리사무소 남쪽,남원읍-46,비가림시설,제주특별자치도 서귀포시 남원읍 남한로140번길 7-3,제주특별자치도 서귀포시 남원읍 남원리 314-1,33.29012615,126.7122463,2020-06-11
남원읍,신례교,남원읍-47,비가림시설,제주특별자치도 서귀포시 남원읍 신례천로 124,제주특별자치도 서귀포시 남원읍 신례리 1223,33.29311511,126.6253169,2020-06-11
남원읍,의귀리 돗물교,남원읍-48,비가림시설,-,제주특별자치도 서귀포시 남원읍 의귀리 1628-2,33.3151638,126.7133162,2020-06-11
남원읍,신례리 한라산 풍경 대각선,남원읍-49,비가림시설,-,제주특별자치도 서귀포시 남원읍 신례리 1641-5,33.294973,126.622999,2020-06-11
남원읍,토지식당 옆,남원읍-50,비가림시설,-,제주특별자치도 서귀포시 남원읍 의귀리 964-1,33.3020596,126.7173362,2020-06-11
남원읍,의귀리사무소 주차장,남원읍-51,비가림시설,제주특별자치도 서귀포시 남원읍 한신로 207,제주특별자치도 서귀포시 남원읍 의귀리 1482-5,33.31033951,126.7133052,2020-06-11
남원읍,동백가든,남원읍-52,비가림시설,-,제주특별자치도 서귀포시 남원읍 신흥리 1263-2,33.320922,126.749307,2020-06-11
성산읍,태성주택 앞,성산읍 - 01,비가림시설,제주특별자치도 서귀포시 성산읍 고성중앙로 65-1,제주특별자치도 서귀포시 성산읍 고성리 1085,33.44950523,126.909775,2020-06-11
성산읍,창명빌라 앞,성산읍 - 02,비가림시설,-,제주특별자치도 서귀포시 성산읍 고성리 1090-22,33.448064,126.911441,2020-06-11
성산읍,신천리 마을안,성산읍 - 03,비가림시설,제주특별자치도 서귀포시 성산읍 신천서로 30-5,제주특별자치도 서귀포시 성산읍 신천리 439,33.34216207,126.8500949,2020-06-11
성산읍,신천리어촌계 앞,성산읍 - 04,비가림시설,-,제주특별자치도 서귀포시 성산읍 신천리 352-7 ,33.3397587,126.8530361,2020-06-11
성산읍,어멍아방잔치마을 안,성산읍 - 06,비가림시설,-,제주특별자치도 서귀포시 성산읍 신풍리 505-2 ,33.3626601,126.8384553,2020-06-11
성산읍,삼달리 마을 안,성산읍 - 08,비가림시설,제주특별자치도 서귀포시 성산읍 삼달로217번길 24,제주특별자치도 서귀포시 성산읍 삼달리 684-4,33.37261163,126.8470682,2020-06-11
성산읍,삼달리 새마을 창고 앞,성산읍 - 09,비가림시설,제주특별자치도 서귀포시 성산읍 삼달로193번길 80,제주특별자치도 서귀포시 성산읍 삼달리 1220-5,33.37090736,126.8425795,2020-06-11
성산읍,모구리야영장,성산읍 - 10,비가림시설,제주특별자치도 서귀포시 성산읍 서성일로 260,제주특별자치도 서귀포시 성산읍 난산리 2971,33.40585335,126.8207369,2020-06-11
성산읍,양수도마을 안,성산읍 - 11,비가림시설,제주특별자치도 서귀포시 성산읍 금백조로131번길 51-22,제주특별자치도 서귀포시 성산읍 수산리 2790,33.43485506,126.8555792,2020-06-11
성산읍,고성 진우파크빌 앞,성산읍 - 12,비가림시설,제주특별자치도 서귀포시 성산읍 서성일로 1186-6,제주특별자치도 서귀포시 성산읍 고성리 1618-1,33.44541927,126.9051288,2020-06-11
성산읍,삼달2리 마을회관 안,성산읍 - 13,비가림시설,제주특별자치도 서귀포시 성산읍 일주동로 5252,제주특별자치도 서귀포시 성산읍 삼달리 29-2,33.36940861,126.8687196,2020-06-11
성산읍,시흥리 (구)마을회관 뒤,성산읍 - 14,비가림시설,제주특별자치도 서귀포시 성산읍 시흥상동로50번길 5,제주특별자치도 서귀포시 성산읍 시흥리 763-3,33.47394172,126.8994474,2020-06-11
성산읍,시흥리 경로당 맞은편,성산읍 - 15,비가림시설,제주특별자치도 서귀포시 성산읍 시흥하동로57번길 9,제주특별자치도 서귀포시 성산읍 시흥리 109-3,33.47392745,126.9041941,2020-06-11
성산읍,시흥리 펌프장 앞,성산읍 - 16,비가림시설,-,제주특별자치도 서귀포시 성산읍 시흥리 980-36 ,33.4754902,126.8982141,2020-06-11
성산읍,시흥리 마을 안(상동),성산읍 - 17,비가림시설,-,제주특별자치도 서귀포시 성산읍 시흥리 575-4,33.4731339,126.8937113,2020-06-11
성산읍,시흥 반석주택,성산읍 - 18,비가림시설,제주특별자치도 서귀포시 성산읍 시흥상동로 31,제주특별자치도 서귀포시 성산읍 시흥리 700-1,33.47210998,126.8998541,2020-06-11
성산읍,신천리 취락구조,성산읍 - 19,비가림시설,-,제주특별자치도 서귀포시 성산읍 신천리 556-2,33.3465987,126.8521838,2020-06-11
성산읍,성산(오조)성당 앞,성산읍 - 20,비가림시설,-,제주특별자치도 서귀포시 성산읍 오조리 61-26,33.4534484,126.9122516,2020-06-11
성산읍,난산리 복지회관 안,성산읍 - 21,비가림시설,제주특별자치도 서귀포시 성산읍 난산로 29,제주특별자치도 서귀포시 성산읍 난산리 1108,33.40077333,126.8713598,2020-06-11
성산읍,난산리 마을 안,성산읍 - 22,비가림시설,-,제주특별자치도 서귀포시 성산읍 난산리 1122,33.3985315,126.8686693,2020-06-11
성산읍,난산 장수마을 사업장,성산읍 - 23,비가림시설,제주특별자치도 서귀포시 성산읍 난산로41번길 32,제주특별자치도 서귀포시 성산읍 난산리 1029-4,33.39977833,126.8682913,2020-06-11
성산읍,고성리마을회관,성산읍 - 24,비가림시설,제주특별자치도 서귀포시 성산읍 서성일로1222번길 36,제주특별자치도 서귀포시 성산읍 고성리 1040-1,33.4448401,126.9120212,2020-06-11
성산읍,신천리 해녀탈의장 앞,성산읍 - 25,비가림시설,-,제주특별자치도 서귀포시 성산읍 신천리 7-14,33.349229,126.863081,2020-06-11
성산읍,신천리 마을 앞,성산읍 - 26,비가림시설,-,제주특별자치도 서귀포시 성산읍 신천리 302-4,33.3431785,126.8514627,2020-06-11
성산읍,삼달1리사무소 앞,성산읍 - 27,비가림시설,-,제주특별자치도 서귀포시 성산읍 삼달리 766-1,33.375743,126.846611,2020-06-11
성산읍,신풍삼달로 중간,성산읍 - 28,비가림시설,-,제주특별자치도 서귀포시 성산읍 삼달리 1240-3,33.372849,126.843442,2020-06-11
성산읍,삼달1리 마을안(삼거리),성산읍 - 29,비가림시설,제주특별자치도 서귀포시 성산읍 삼달로163번길 40,제주특별자치도 서귀포시 성산읍 삼달리 453-2,33.37238829,126.8502408,2020-06-11
성산읍,오조마을안(정자 옆),성산읍 - 30,비가림시설,-,제주특별자치도 서귀포시 성산읍 오조리 870,33.4586406,126.9119093,2020-06-11
성산읍,오조펌프장,성산읍 - 31,적치장,-,제주특별자치도 서귀포시 성산읍 오조리 90-23,33.4603525,126.9148763,2020-06-11
성산읍,오조 공중화장실 앞,성산읍 - 32,비가림시설,-,제주특별자치도 서귀포시 성산읍 오조리 709,33.4629411,126.9126023,2020-06-11
성산읍,신풍어촌계 탈의장 ,성산읍 - 33,비가림시설,제주특별자치도 서귀포시 성산읍 일주동로 5363-52,제주특별자치도 서귀포시 성산읍 신풍리 17-3,33.36232031,126.8672733,2020-06-11
성산읍,오조리 성산중기 옆,성산읍 - 34,비가림시설,-,제주특별자치도 서귀포시 성산읍 오조리 1252-1 ,126.9059971,33.4638208,2020-06-11
성산읍,고성 수협,성산읍 - 35,비가림시설,-,제주특별자치도 서귀포시 성산읍 고성리 298-68,33.449583,126.915748,2020-06-11
성산읍,고성sk1빌라 옆,성산읍 - 36,비가림시설,제주특별자치도 서귀포시 성산읍 산성효자로 26,제주특별자치도 서귀포시 성산읍 고성리 1389-3,33.45134794,126.9095279,2020-06-11
성산읍,수산1리 노인회관,성산읍 - 37,비가림시설,-,제주특별자치도 서귀포시 성산읍 수산리 1199,33.4467694,126.8804078,2020-06-11
성산읍,시흥하동,성산읍 - 38,비가림시설,-,제주특별자치도 서귀포시 성산읍 시흥리 12-72,33.4757824,126.9060751,2020-06-11
성산읍,온평리사무소,성산읍 - 39,비가림시설,-,제주특별자치도 서귀포시 성산읍 온평리 872-2,33.407491,126.900065,2020-06-11
성산읍,성산수협 건너편,성산읍 - 40,비가림시설,제주특별자치도 서귀포시 성산읍 성산등용로 100-9,제주특별자치도 서귀포시 성산읍 성산리 347-15,33.47073189,126.9309076,2020-06-11
성산읍,오조어촌계,성산읍 - 41,비가림시설,제주특별자치도 서귀포시 성산읍 한도로 141-16,제주특별자치도 서귀포시 성산읍 오조리 3-9,33.4700058,126.9227795,2020-06-11
성산읍,성산헤라호텔 건너편,성산읍 - 42,비가림시설,제주특별자치도 서귀포시 성산읍 성산등용로17번길 6,제주특별자치도 서귀포시 성산읍 성산리 234-29,33.46480731,126.9323452,2020-06-11
성산읍,수산2리사무소 옆,성산읍 - 43,비가림시설,-,제주특별자치도 서귀포시 성산읍 수산리 2433-1,33.4419289,126.8607094,2020-06-11
성산읍,신산해안도로 입구,성산읍 - 44,비가림시설,-,제주특별자치도 서귀포시 성산읍 신산리 1130-12,33.3758518,126.8740284,2020-06-11
성산읍,신풍 윗동네,성산읍 - 45,비가림시설,-,제주특별자치도 서귀포시 성산읍 신풍리 1384,33.3638072,126.8255118,2020-06-11
성산읍,127전투경찰대,성산읍 - 46,비가림시설,제주특별자치도 서귀포시 성산읍 해맞이해안로 2601-8,제주특별자치도 서귀포시 성산읍 시흥리 11-13,33.47872066,126.9093402,2020-06-11
성산읍,아로마찜질방 입구,성산읍 - 47,비가림시설,-,제주특별자치도 서귀포시 성산읍 고성리 1065-4,33.44783,126.911478,2020-06-11
성산읍,성산포항 여객터미널,성산읍 - 48,비가림시설,제주특별자치도 서귀포시 성산읍 성산등용로 112-7,제주특별자치도 서귀포시 성산읍 성산리 347-9,33.4719124,126.9331057,2020-06-11
성산읍,오조리 교차로(백문이동산),성산읍 - 49,비가림시설,-,제주특별자치도 서귀포시 성산읍 오조리 675-1,33.4628575,126.9087253,2020-06-11
성산읍,고성오일장,성산읍 - 50,비가림시설,-,제주특별자치도 서귀포시 성산읍 고성리 1187-2,33.452245,126.913456,2020-06-11
성산읍,하수종말처리장 입구,성산읍 - 52,비가림시설,-,제주특별자치도 서귀포시 성산읍 고성리 302-4,33.450884,126.916233,2020-06-11
성산읍,신양리 마돈식당 앞,성산읍 - 53,비가림시설,제주특별자치도 서귀포시 성산읍 섭지코지로 57,제주특별자치도 서귀포시 성산읍 고성리 224-16,33.43752938,126.9221415,2020-06-11
성산읍,대흥작목반,성산읍 - 54,비가림시설,-,제주특별자치도 서귀포시 성산읍 고성리 224-12,33.43892,126.921088,2020-06-11
성산읍,신양포구 부근,성산읍 - 55,비가림시설,-,제주특별자치도 서귀포시 성산읍 고성리 588-7,33.434428,126.915798,2020-06-11
성산읍,신산포구,성산읍 - 58,비가림시설,-,제주특별자치도 서귀포시 성산읍 신산리 582-2 ,33.383584,126.8796939,2020-06-11
성산읍,신풍리 게이트볼장,성산읍 - 59,비가림시설,제주특별자치도 서귀포시 성산읍 삼달신풍로 14,제주특별자치도 서귀포시 성산읍 신풍리 681,33.36552903,126.8361851,2020-06-11
성산읍,구미식당 맞은편,성산읍 - 60,비가림시설,-,제주특별자치도 서귀포시 성산읍 고성리 1152-8,33.452473,126.911738,2020-06-11
성산읍,신양 큰포구 맞은편,성산읍 - 61,비가림시설,-,제주특별자치도 서귀포시 성산읍 고성리 612,33.428749,126.91611,2020-06-11
성산읍,오조리 삼거리,성산읍 - 62,비가림시설,-,제주특별자치도 서귀포시 성산읍 오조리 9-4,33.4691716,126.9186277,2020-06-11
성산읍,두산해운물류창고 옆,성산읍 - 63,비가림시설,제주특별자치도 서귀포시 성산읍 시흥상동로68번길 2-5,제주특별자치도 서귀포시 성산읍 시흥리 980-99,33.47583445,126.8986491,2020-06-11
성산읍,정성 자동차 공업사,성산읍 - 64,비가림시설,-,제주특별자치도 서귀포시 성산읍 고성리 2470-2,33.445158,126.8965,2020-06-11
성산읍,수산 진빌레,성산읍 - 65,비가림시설,-,제주특별자치도 서귀포시 성산읍 수산리 1080,33.4423814,126.8777324,2020-06-11
안덕면,화순항,안덕면클린하우스 - 1,비가림시설,-,제주특별자치도 서귀포시 안덕면 화순리 776-8,33.2395967,126.3335802,2020-06-11
안덕면,제주해안펜션 앞,안덕면클린하우스 - 2,비가림시설,제주특별자치도 서귀포시 안덕면 형제해안로 58,제주특별자치도 서귀포시 안덕면 사계리 2294-28,33.22692092,126.3003855,2020-06-11
안덕면,문화마을 내,안덕면클린하우스 - 3,비가림시설,-,제주특별자치도 서귀포시 안덕면 화순리 2107,33.2531968,126.3257123,2020-06-11
안덕면,에쿠스모텔 옆 주차장,안덕면클린하우스 - 4,비가림시설,-,제주특별자치도 서귀포시 안덕면 화순리 318-16,33.2472061,126.3333887,2020-06-11
안덕면,안덕우체국 옆,안덕면클린하우스 - 6,비가림시설,제주특별자치도 서귀포시 안덕면 화순로 109,제주특별자치도 서귀포시 안덕면 화순리 1069-5,33.24631331,126.3346405,2020-06-11
안덕면,씨플러스민박,안덕면클린하우스 - 7,비가림시설,-,제주특별자치도 서귀포시 안덕면 화순리 363-3,33.2437114,126.3339743,2020-06-11
안덕면,해수욕장 공공화장실 옆,안덕면클린하우스 - 8,비가림시설,제주특별자치도 서귀포시 안덕면 화순해안로 69,제주특별자치도 서귀포시 안덕면 화순리 833-2,33.24085663,126.3339479,2020-06-11
안덕면,안덕지역아동센터 옆(장원동),안덕면클린하우스 - 9,비가림시설,-,제주특별자치도 서귀포시 안덕면 화순리 1999,33.2516673,126.324132,2020-06-11
안덕면,소라민박 옆,안덕면클린하우스 - 10,비가림시설,제주특별자치도 서귀포시 안덕면 화순해안로 127,제주특별자치도 서귀포시 안덕면 화순리 763-5,33.24032306,126.3380377,2020-06-11
안덕면,용머리 공영주차장 입구,안덕면클린하우스 - 11,비가림시설,-,제주특별자치도 서귀포시 안덕면 사계리 129-6,33.2326638,126.3071171,2020-06-11
안덕면,사계포구,안덕면클린하우스 - 12,비가림시설,제주특별자치도 서귀포시 안덕면 형제해안로 13,제주특별자치도 서귀포시 안덕면 사계리 2147-32,33.2280634,126.305397,2020-06-11
안덕면,농협창고(체력단련실),안덕면클린하우스 - 14,비가림시설,제주특별자치도 서귀포시 안덕면 동광본동로 34,제주특별자치도 서귀포시 안덕면 동광리 958-3,33.30838055,126.3360335,2020-06-11
안덕면,정보사랑방 옆(도서관),안덕면클린하우스 - 15,비가림시설,-,제주특별자치도 서귀포시 안덕면 동광리 1590,33.3049313,126.3359959,2020-06-11
안덕면,동광마을 동쪽(석교동),안덕면클린하우스 - 16,비가림시설,제주특별자치도 서귀포시 안덕면 신화역사로 578-6,제주특별자치도 서귀포시 안덕면 동광리 491-1,33.30999437,126.3493149,2020-06-11
안덕면,동광단지경로당,안덕면클린하우스 - 17,비가림시설,제주특별자치도 서귀포시 안덕면 신화역사로 688,제주특별자치도 서귀포시 안덕면 동광리 5-157,33.31342698,126.3595897,2020-06-11
안덕면,서광주유소 옆 취락구조,안덕면클린하우스 - 18,비가림시설,-,제주특별자치도 서귀포시 안덕면 서광리 366-9,33.2894171,126.3233589,2020-06-11
안덕면,서광동리 경로당,안덕면클린하우스 - 19,비가림시설,-,제주특별자치도 서귀포시 안덕면 서광리 324-7,33.2879316,126.3272657,2020-06-11
안덕면,서광초 앞,안덕면클린하우스 - 21,비가림시설,제주특별자치도 서귀포시 안덕면 중산간서로 1833,제주특별자치도 서귀포시 안덕면 서광리 340-1,33.287221,126.3265407,2020-06-11
안덕면,상천2교 남쪽(구분교 옆),안덕면클린하우스 - 22,비가림시설,제주특별자치도 서귀포시 안덕면 병악로 421,제주특별자치도 서귀포시 안덕면 상천리 470-2,33.30751957,126.3816494,2020-06-11
안덕면,대평포구,안덕면클린하우스 - 23,비가림시설,-,제주특별자치도 서귀포시 안덕면 창천리 914-5,33.2364823,126.359897,2020-06-11
안덕면,대평리사무소 앞,안덕면클린하우스 - 24,비가림시설,제주특별자치도 서귀포시 안덕면 대평감산로 43,제주특별자치도 서귀포시 안덕면 창천리 930-4,33.23833674,126.3658885,2020-06-11
안덕면,춘심이네 뒷(농협창고),안덕면클린하우스 - 25,비가림시설,제주특별자치도 서귀포시 안덕면 창천중앙로24번길 14,제주특별자치도 서귀포시 안덕면 창천리 160,33.26454931,126.3702884,2020-06-11
안덕면,건강관리실,안덕면클린하우스 - 26,비가림시설,제주특별자치도 서귀포시 안덕면 창천중앙로 55,제주특별자치도 서귀포시 안덕면 창천리 106-4,33.26736044,126.3691992,2020-06-11
안덕면,감산방향,안덕면클린하우스 - 27,비가림시설,-,제주특별자치도 서귀포시 안덕면 창천리 252-1,33.2648232,126.3631157,2020-06-11
안덕면,서부락,안덕면클린하우스 - 28,비가림시설,-,제주특별자치도 서귀포시 안덕면 창천리 380,33.2626278,126.3645485,2020-06-11
안덕면,에너지움 아파트,안덕면클린하우스 - 29,비가림시설,제주특별자치도 서귀포시 안덕면 화순서서로 15,제주특별자치도 서귀포시 안덕면 화순리 1202-1,33.25259404,126.3289484,2020-06-11
안덕면,덕수리사무소 옆,안덕면클린하우스 - 30,비가림시설,-,제주특별자치도 서귀포시 안덕면 덕수리 2339-1,33.2545388,126.304891,2020-06-11
안덕면,서광-구억 경계 (서광기계 북쪽),안덕면클린하우스 - 31,비가림시설,-,제주특별자치도 서귀포시 안덕면 서광리 2055-8,33.2830413,126.2960885,2020-06-11
안덕면,서광 상동,안덕면클린하우스 - 32,비가림시설,-,제주특별자치도 서귀포시 안덕면 서광리 1803-3,33.2883891,126.3025339,2020-06-11
안덕면,서광서리교차로에서 오설록방면,안덕면클린하우스 - 33,비가림시설,제주특별자치도 서귀포시 안덕면 서광사수동로 1,제주특별자치도 서귀포시 안덕면 서광리 1856-2,33.28839254,126.3028926,2020-06-11
안덕면,서광서리교차로에서 덕수방면 150m,안덕면클린하우스 - 34,비가림시설,-,제주특별자치도 서귀포시 안덕면 서광리 2071-1,33.2846207,126.2989078,2020-06-11
안덕면,상창리사무소 입구,안덕면클린하우스 - 35,비가림시설,-,제주특별자치도 서귀포시 안덕면 상창리 650-6,33.2719978,126.363377,2020-06-11
안덕면,상창리보건진료소 남쪽,안덕면클린하우스 - 36,비가림시설,-,제주특별자치도 서귀포시 안덕면 상창리 621,33.2740031,126.3607251,2020-06-11
안덕면,상창휴게소 맞은편 마을안길(복지회관 위),안덕면클린하우스 - 37,비가림시설,-,제주특별자치도 서귀포시 안덕면 상창리 594-16,33.2734869,126.3623962,2020-06-11
안덕면,동부락,안덕면클린하우스 - 38,비가림시설,-,제주특별자치도 서귀포시 안덕면 덕수리 792-3,33.2542837,126.3091344,2020-06-11
안덕면,신신펜션,안덕면클린하우스 - 39,비가림시설,-,제주특별자치도 서귀포시 안덕면 덕수리 1474,33.2782317,126.3117754,2020-06-11
안덕면,감산주유소 맞은편,안덕면클린하우스 - 40,비가림시설,-,제주특별자치도 서귀포시 안덕면 감산리 126-2,33.260362,126.354412,2020-06-11
안덕면,대평버스 정류장,안덕면클린하우스 - 41,비가림시설,-,제주특별자치도 서귀포시 안덕면 창천리 777-5,33.2349726,126.3649353,2020-06-11
안덕면,상창 신남밭,안덕면클린하우스 - 42,비가림시설,-,제주특별자치도 서귀포시 안덕면 상창리 2449-2,33.2644186,126.3449907,2020-06-11
안덕면,우리가든 옆,안덕면클린하우스 - 43,비가림시설,제주특별자치도 서귀포시 안덕면 일주서로 1562,제주특별자치도 서귀포시 안덕면 감산리 1509-1,33.25712365,126.3492864,2020-06-11
안덕면,조인빌리지 맞은편마을안길 100m(계곡서쪽),안덕면클린하우스 - 44,비가림시설,-,제주특별자치도 서귀포시 안덕면 감산리 439-3,33.2559701,126.3496203,2020-06-11
안덕면,구방앗간,안덕면클린하우스 - 45,비가림시설,제주특별자치도 서귀포시 안덕면 화순서동로 389-12,제주특별자치도 서귀포시 안덕면 서광리 74-1,33.28527194,126.3302528,2020-06-11
안덕면,서동보건소 남쪽,안덕면클린하우스 - 46,비가림시설,-,제주특별자치도 서귀포시 안덕면 서광리 212-6,33.2852789,126.3257695,2020-06-11
안덕면,대평 소기왓로,안덕면클린하우스 - 47,비가림시설,-,제주특별자치도 서귀포시 안덕면 창천리 772-1,33.235763,126.3661533,2020-06-11
안덕면,산방공업,안덕면클린하우스 - 48,비가림시설,-,제주특별자치도 서귀포시 안덕면 서광리 2470,33.2816139,126.2979774,2020-06-11
안덕면,7번클린하우스 인근(씨플러스민박),안덕면클린하우스 - 49,비가림시설,-,제주특별자치도 서귀포시 안덕면 화순리 353-6,33.2442939,126.334519,2020-06-11
안덕면,남당사 동쪽,안덕면클린하우스 - 50,비가림시설,제주특별자치도 서귀포시 안덕면 감천로 196,제주특별자치도 서귀포시 안덕면 감산리 105-1,33.25858827,126.3576849,2020-06-11
안덕면,산방복지회관,안덕면클린하우스 - 51,비가림시설,-,제주특별자치도 서귀포시 안덕면 사계리 1838-2,33.2329929,126.2994435,2020-06-11
안덕면,통물,안덕면클린하우스 - 54,비가림시설,-,제주특별자치도 서귀포시 안덕면 상창리 1560,33.261598,126.351654,2020-06-11
안덕면,조각공원 맞은편 (신항동),안덕면클린하우스 - 55,비가림시설,-,제주특별자치도 서귀포시 안덕면 사계리 3596-3,33.250421,126.3210311,2020-06-11
안덕면,하상못,안덕면클린하우스 - 56,비가림시설,제주특별자치도 서귀포시 안덕면 사계남로 12-1,제주특별자치도 서귀포시 안덕면 사계리 2449,33.22936543,126.2932469,2020-06-11
안덕면,서광서리 복지회관,안덕면클린하우스 - 58,비가림시설,제주특별자치도 서귀포시 안덕면 서광남로82번길 49,제주특별자치도 서귀포시 안덕면 서광리 2165-5,33.28516607,126.3024803,2020-06-11
표선면,(구)표선면 사무소 앞(표선리 공영주차장),표선면 - 1,비가림시설,-,제주특별자치도 서귀포시 표선면 표선리 699-7,33.326122,126.832131,2020-06-11
표선면,막상올레(천혜가든 앞),표선면 - 2,비가림시설,-,제주특별자치도 서귀포시 표선면 표선리 882-1,33.325584,126.8366,2020-06-11
표선면,표선 파출소 뒤,표선면 - 3,비가림시설,-,제주특별자치도 서귀포시 표선면 표선리 775,33.323258,126.83123,2020-06-11
표선면,제일주택 앞,표선면 - 4,비가림시설,-,제주특별자치도 서귀포시 표선면 표선리 515-4,33.32859,126.833166,2020-06-11
표선면,고려삼계탕 앞,표선면 - 5,비가림시설,제주특별자치도 서귀포시 표선면 성읍정의현로22번길 8-2,제주특별자치도 서귀포시 표선면 성읍리 987-1,33.38413899,126.8018963,2020-06-11
표선면,표선장례식장(표선리마을회),표선면 - 6,비가림시설,제주특별자치도 서귀포시 표선면 표선관정로 48-36,제주특별자치도 서귀포시 표선면 표선리 2078,33.32775185,126.823681,2020-06-11
표선면,성읍 2리사무소(성읍2리마을회),표선면 - 7,비가림시설,제주특별자치도 서귀포시 표선면 성읍이리로 52,제주특별자치도 서귀포시 표선면 성읍리 2901,33.41327837,126.7719813,2020-06-11
표선면,구룡밭식당 앞,표선면 - 8,비가림시설,-,제주특별자치도 서귀포시 표선면 성읍리 2891,33.411361,126.774122,2020-06-11
표선면,표선 농협창고,표선면 - 9,비가림시설,제주특별자치도 서귀포시 표선면 표선동서로181번길 13,제주특별자치도 서귀포시 표선면 표선리 1005-6,33.32136544,126.8293686,2020-06-11
표선면,서상동 원룸,표선면 - 10,비가림시설,-,제주특별자치도 서귀포시 표선면 표선리 763-1,33.323491,126.829031,2020-06-11
표선면,세화1리 청소년공부방,표선면 - 11,비가림시설,-,제주특별자치도 서귀포시 표선면 세화리 1080,33.331014,126.798357,2020-06-11
표선면,즐겨찾기 게스트하우스 앞,표선면 - 12,비가림시설,-,제주특별자치도 서귀포시 표선면 세화리 1768-7,33.323396,126.792255,2020-06-11
표선면,세화3리 영농폐기물 집하장 남쪽,표선면 - 13,비가림시설,-,제주특별자치도 서귀포시 표선면 세화리 2410-4,33.320509,126.790481,2020-06-11
표선면,세화3리 마을회관 남쪽,표선면 - 14,비가림시설,-,제주특별자치도 서귀포시 표선면 토산리 154-4,33.3183229,126.7872835,2020-06-11
표선면,알토산 복지회관 앞 삼거리,표선면 - 15,비가림시설,-,제주특별자치도 서귀포시 표선면 토산리 332-12,33.30943,126.7809109,2020-06-11
표선면,동산식당,표선면 - 16,비가림시설,제주특별자치도 서귀포시 표선면 돈오름로 55,제주특별자치도 서귀포시 표선면 세화리 669-5,33.33307091,126.8040657,2020-06-11
표선면,토산2리,표선면 - 17,비가림시설,-,제주특별자치도 서귀포시 표선면 토산리 521-1,33.3095362,126.7750066,2020-06-11
표선면,해녀탈의장 부근,표선면 - 18,비가림시설,-,제주특별자치도 서귀포시 표선면 세화리 209-3,33.303939,126.803173,2020-06-11
표선면,나무이야기하우스(민박) 인근,표선면 - 19,비가림시설,제주특별자치도 서귀포시 표선면 민속해안로 32,제주특별자치도 서귀포시 표선면 세화리 200-1,33.30440591,126.8060969,2020-06-11
표선면,가마어린이집 옆,표선면 - 21,비가림시설,-,제주특별자치도 서귀포시 표선면 세화리 1521-4,33.307158,126.800519,2020-06-11
표선면,표선 당케포구,표선면 - 22,비가림시설,제주특별자치도 서귀포시 표선면 민속해안로 566-1,제주특별자치도 서귀포시 표선면 표선리 40-10,33.32463558,126.8451501,2020-06-11
표선면,표선도서관,표선면 - 23,비가림시설,제주특별자치도 서귀포시 표선면 표선백사로110번길 23,제주특별자치도 서귀포시 표선면 표선리 40-66,33.32338268,126.8383561,2020-06-11
표선면,가시천 주챙이교,표선면 - 24,비가림시설,-,제주특별자치도 서귀포시 표선면 가시리 1311-1,33.356869,126.776544,2020-06-11
표선면,하천리 가스충전소 옆,표선면 - 25,비가림시설,제주특별자치도 서귀포시 표선면 일주동로 5691,제주특별자치도 서귀포시 표선면 하천리 134-1,33.33732759,126.8428332,2020-06-11
표선면,성읍리 법성사,표선면 - 26,비가림시설,-,제주특별자치도 서귀포시 표선면 성읍리 1009,33.384451,126.796613,2020-06-11
표선면,성읍1리 성아시,표선면 - 27,비가림시설,제주특별자치도 서귀포시 표선면 중산간동로 4672-1,제주특별자치도 서귀포시 표선면 성읍리 1468-1,33.38930159,126.7962828,2020-06-11
표선면,돈오름 식당 옆,표선면 - 28,비가림시설,-,제주특별자치도 서귀포시 표선면 세화리 168-2,33.304962,126.808958,2020-06-11
표선면,토산 1리 사무소,표선면 - 29,비가림시설,-,제주특별자치도 서귀포시 표선면 토산리 1377-1,33.3256306,126.7632824,2020-06-11
표선면,남쪽나라 옆,표선면 - 30,비가림시설,제주특별자치도 서귀포시 표선면 일주동로6455번길 19,제주특별자치도 서귀포시 표선면 토산리 425-4,33.30654701,126.7835428,2020-06-11
표선면,송천교 옆,표선면 - 31,비가림시설,-,제주특별자치도 서귀포시 표선면 토산리 456-2,33.3073955,126.7744362,2020-06-11
표선면,향촌마을식당 인근 (다리 건너편),표선면 - 32,비가림시설,-,제주특별자치도 서귀포시 표선면 가시리 2105-2,33.349073,126.773885,2020-06-11
표선면,녹산로 입구 (오뚜기편의점 맞은 편),표선면 - 33,비가림시설,-,제주특별자치도 서귀포시 표선면 가시리 2528-3,33.361406,126.766033,2020-06-11
표선면,표선리 한지동 마을 내 (민속해안로119번길 22 앞),표선면 - 34,비가림시설,-,제주특별자치도 서귀포시 표선면 표선리 2919-2,33.307955,126.812771,2020-06-11
표선면,가시리 두리동 창고 앞 (선과장 앞),표선면 - 35,비가림시설,-,제주특별자치도 서귀포시 표선면 가시리 2318-2,33.351817,126.765572,2020-06-11
표선면,노인복지회관 옆,표선면 - 36,비가림시설,-,제주특별자치도 서귀포시 표선면 토산리 933,33.3302087,126.7680608,2020-06-11
표선면,하천리 흰동산 옆,표선면 - 37,비가림시설,-,제주특별자치도 서귀포시 표선면 하천리 668-3,33.3517581,126.8349374,2020-06-11
표선면,토산세화로 21 옆 (토산감귤영농조합법인 선과장 인근),표선면 - 38,비가림시설,-,제주특별자치도 서귀포시 표선면 토산리 856-4,33.3307368,126.7694003,2020-06-11
표선면,표선면 양묘장 앞,표선면 - 39,비가림시설,-,제주특별자치도 서귀포시 표선면 하천리 2176-1,33.3532661,126.8080594,2020-06-11
표선면,하천리 마을 입구,표선면 - 40,비가림시설,제주특별자치도 서귀포시 표선면 하천달산로 10,제주특별자치도 서귀포시 표선면 하천리 329-5,33.34182735,126.8447759,2020-06-11
표선면,폭남동 버스정류소,표선면 - 41,비가림시설,-,제주특별자치도 서귀포시 표선면 가시리 2168-2,33.345325,126.773483,2020-06-11
표선면,표선라이온스클럽 옆,표선면 - 42,비가림시설,-,제주특별자치도 서귀포시 표선면 표선리 2074-2,33.328229,126.822083,2020-06-11
표선면,무지개마을 입구,표선면 - 43,비가림시설,-,제주특별자치도 서귀포시 표선면 표선리 959-1,33.321784,126.833775,2020-06-11
표선면,성읍1리 복지타운 안,표선면 - 44,비가림시설,제주특별자치도 서귀포시 표선면 서성일로 74,제주특별자치도 서귀포시 표선면 성읍리 468-5,33.39773944,126.8044452,2020-06-11
표선면,표선초등학교 맞은편,표선면 - 45,비가림시설,제주특별자치도 서귀포시 표선면 표선동서로 287,제주특별자치도 서귀포시 표선면 표선리 463-1,33.3288785,126.8352269,2020-06-11
표선면,표선중학교,표선면 - 46,비가림시설,제주특별자치도 서귀포시 표선면 표선중앙로 31,제주특별자치도 서귀포시 표선면 표선리 317-1,33.33066884,126.8309831,2020-06-11
표선면,해양수산연구원,표선면 - 47,비가림시설,제주특별자치도 서귀포시 표선면 민속해안로 292,제주특별자치도 서귀포시 표선면 표선리 1311-6,33.30766086,126.829507,2020-06-11
표선면,토산2리 마을회관,표선면 - 48,비가림시설,제주특별자치도 서귀포시 표선면 토산중앙로16번길 1,제주특별자치도 서귀포시 표선면 토산리 537-3,33.30876899,126.7796501,2020-06-11
표선면,표선 제주민속촌,표선면 - 49,비가림시설,제주특별자치도 서귀포시 표선면 민속해안로 631-34,제주특별자치도 서귀포시 표선면 표선리 40-77,33.3223496,126.8392987,2020-06-11
표선면,붉은오름 휴양림,표선면 - ,비가림시설,제주특별자치도 서귀포시 표선면 남조로 1487-73,제주특별자치도 서귀포시 표선면 가시리 산 158,33.40142958,126.6756716,2020-06-11
송산동,우성모텔,송산동클린-1,비가림시설,제주특별자치도 서귀포시 솔동산로22번길 9,제주특별자치도 서귀포시 서귀동 634-2,33.2432891,126.5628451,2020-06-11
송산동,동남냉동,송산동클린-2,비가림시설,제주특별자치도 서귀포시 칠십리로 56,제주특별자치도 서귀포시 서귀동 673-5,33.23996412,126.5618874,2020-06-11
송산동,자치경찰대(YWCA 앞),송산동클린-4,비가림시설,-,제주특별자치도 서귀포시 서귀동 558-15,33.2445571,126.5634134,2020-06-11
송산동,송화촌,송산동클린-5,비가림시설,제주특별자치도 서귀포시 소암로12번길 19,제주특별자치도 서귀포시 서귀동 29-1,33.24314147,126.5670391,2020-06-11
송산동,해녀횟집,송산동클린-8,비가림시설,제주특별자치도 서귀포시 보목포로 42,제주특별자치도 서귀포시 보목동 566,33.23940851,126.6060356,2020-06-11
송산동,혜관정사,송산동클린-9,비가림시설,-,제주특별자치도 서귀포시 보목동 420,33.2426231,126.6023979,2020-06-11
송산동,보목농협,송산동클린-11,비가림시설,제주특별자치도 서귀포시 보목로 7,제주특별자치도 서귀포시 보목동 660,33.24253746,126.5987896,2020-06-11
송산동,KAL숙소,송산동클린-12,비가림시설,-,제주특별자치도 서귀포시 보목동 869-1,33.2440216,126.5987962,2020-06-11
송산동,CU앞(BK호텔),송산동클린-13,비가림시설,제주특별자치도 서귀포시 칠십리로91번길 11,제주특별자치도 서귀포시 서귀동 778-3,33.24072947,126.5641583,2020-06-11
송산동,어촌계 복지회관 앞,송산동클린-14,비가림시설,-,제주특별자치도 서귀포시 서귀동 652-7,33.2415193,126.5591798,2020-06-11
송산동,해군아파트 입구,송산동클린-15,비가림시설,제주특별자치도 서귀포시 솔동산로21번길 20,제주특별자치도 서귀포시 서귀동 738-2,33.24232279,126.5660045,2020-06-11
송산동,보목동 입구,-,적치장,제주특별자치도 서귀포시 칠십리로 430,제주특별자치도 서귀포시 보목동 1308-13,33.24323876,126.5970653,2020-06-11
송산동,삼다제가복지센터,적치장,적치장,-,제주특별자치도 서귀포시 보목동 695-3,33.2406746,126.5975792,2020-06-11
송산동,보목교회,적치장,적치장,제주특별자치도 서귀포시 보목로60번길 35,제주특별자치도 서귀포시 보목동 613-1,33.23902826,126.5987756,2020-06-11
정방동,정방동사무소 정문 앞,정방동클린-1,비가림시설,제주특별자치도 서귀포시 태평로439번길 20,제주특별자치도 서귀포시 서귀동 412-14,33.24677729,126.5650983,2020-06-11
정방동,쌍둥이 횟집 앞,정방동클린-2,비가림시설,-,제주특별자치도 서귀포시 서귀동 422-2,33.2464699,126.5611943,2020-06-11
정방동,신세계호텔 옆(평양면옥 맞은편),정방동클린-3,비가림시설,-,제주특별자치도 서귀포시 서귀동 463-1,33.2450442,126.5601586,2020-06-11
정방동,엄마손맛 옆,정방동클린-4,비가림시설,제주특별자치도 서귀포시 태평로371번길 8,제주특별자치도 서귀포시 서귀동 449,33.24557778,126.5614044,2020-06-11
정방동,대건아파트 옆,정방동클린-7,비가림시설,-,제주특별자치도 서귀포시 서귀동 172,33.2468267,126.5653904,2020-06-11
정방동,명지아파트 입구,정방동클린-8,비가림시설,-,제주특별자치도 서귀포시 서귀동 961-31,33.2459499,126.5675485,2020-06-11
정방동,작은 프랑스 옆,정방동클린-9,비가림시설,-,제주특별자치도 서귀포시 서귀동 485-10,33.2457077,126.5612443,2020-06-11
정방동,가야밀면 남쪽,정방동클린-10,비가림시설,-,제주특별자치도 서귀포시 서귀동 127-4,33.2465889,126.5663492,2020-06-11
정방동,정방동 공영주차장 옆,정방동클린-,비가림시설,-,제주특별자치도 서귀포시 서귀동 403-3,33.247828,126.5631657,2020-06-11
중앙동,장수흑염소앞,중앙동클린-1,비가림시설,제주특별자치도 서귀포시 중동로 11,제주특별자치도 서귀포시 서귀동 261-5,33.25320969,126.5656631,2020-06-11
중앙동,시민회관,중앙동클린-2,비가림시설,제주특별자치도 서귀포시 동홍로 31,제주특별자치도 서귀포시 동홍동 453-1,33.25102581,126.5671762,2020-06-11
중앙동,한로물산,중앙동클린-4,비가림시설,-,제주특별자치도 서귀포시 중앙동 250-6,33.2492489,126.5674712,2020-06-11
천지동,윤성현 내과앞,천지동클린-1,비가림시설,제주특별자치도 서귀포시 천지로 10,제주특별자치도 서귀포시 서귀동 294-7,33.24841853,126.5610683,2020-06-11
천지동,탐나마트 옆(태영전자 맞은편),천지동클린-3,비가림시설,제주특별자치도 서귀포시 중앙로89번길 28,제주특별자치도 서귀포시 서귀동 330-10,33.25220754,126.5576069,2020-06-11
천지동,골드슈퍼 앞,천지동클린-4,비가림시설,제주특별자치도 서귀포시 서문로38번길 15,제주특별자치도 서귀포시 서귀동 332-12,33.25081389,126.5571761,2020-06-11
천지동,평생학습센터 뒤,천지동클린-6,비가림시설,제주특별자치도 서귀포시 서문로29번길 10,제주특별자치도 서귀포시 서귀동 321-10,33.24930401,126.5585443,2020-06-11
천지동,한성전기 앞,천지동클린-7,비가림시설,제주특별자치도 서귀포시 서홍로 4-26,제주특별자치도 서귀포시 서홍동 477-4,33.24919583,126.5545015,2020-06-11
천지동,지체 장애인 앞,천지동클린-8,비가림시설,제주특별자치도 서귀포시 남성중로 130,제주특별자치도 서귀포시 서홍동 581-3,33.24427865,126.555093,2020-06-11
천지동,SGI 연수원 앞,천지동클린-9,비가림시설,-,제주특별자치도 서귀포시 서홍동 744-59,33.241942,126.554497,2020-06-11
천지동,어린이놀이터앞,적치장,적치장,제주특별자치도 서귀포시 서문서로 43,제주특별자치도 서귀포시 서귀동 304-4,33.2511829,126.5585134,2020-06-11
효돈동,효돈농협 맞은편,효돈동 클린-신규,비가림시설,-,제주특별자치도 서귀포시 신효동 125-3,33.263894,126.614667,2020-06-11
효돈동,안골목클린하우스,효돈동 클린-2,비가림시설,-,제주특별자치도 서귀포시 신효동 820-4,33.2638999,126.6102623,2020-06-11
효돈동,신효알동네클린하우스,효돈동 클린-3,비가림시설,-,제주특별자치도 서귀포시 신효동 798,33.2619724,126.6091434,2020-06-11
효돈동,신효중앙클린하우스,효돈동 클린-6,비가림시설,제주특별자치도 서귀포시 신효중앙로 23,제주특별자치도 서귀포시 신효동 690-9,33.26608533,126.613871,2020-06-11
효돈동,효돈중학교 후문,효돈동 클린-7,비가림시설,-,제주특별자치도 서귀포시 하효동 11-1,33.2661912,126.6187145,2020-06-11
효돈동,효돈동 농협하나로마트,효돈동 클린-8,비가림시설,-,제주특별자치도 서귀포시 하효동 646-3,33.2611299,126.6153448,2020-06-11
효돈동,셋가름클린하우스,효돈동 클린-9,비가림시설,-,제주특별자치도 서귀포시 하효동 255,33.2615564,126.6186693,2020-06-11
효돈동,성수동 클린하우스,효돈동 클린-11,비가림시설,-,제주특별자치도 서귀포시 하효동 537-3,33.2586771,126.6200142,2020-06-11
효돈동,효돈빌라 윗길,효돈동 클린-12,비가림시설,제주특별자치도 서귀포시 쇠소깍로 138,제주특별자치도 서귀포시 하효동 996-1,33.25167869,126.6225621,2020-06-11
효돈동,용운사옆 클린하우스,효돈동 클린-13,비가림시설,제주특별자치도 서귀포시 쇠소깍로48번길 9,제주특별자치도 서귀포시 하효동 429,33.25992212,126.6233895,2020-06-11
효돈동,알뜨르클린하우스,효돈동 클린-14,비가림시설,제주특별자치도 서귀포시 쇠소깍로 209,제주특별자치도 서귀포시 하효동 1068,33.25248453,126.6171802,2020-06-11
효돈동,칠십리클린하우스,효돈동 클린-15,비가림시설,-,제주특별자치도 서귀포시 하효동 910,33.257619,126.6155836,2020-06-11
효돈동,앞밭듸클린하우스,효돈동 클린-16,비가림시설,-,제주특별자치도 서귀포시 하효동 625-2,33.2595198,126.6156846,2020-06-11
효돈동,효돈빌라 북쪽,효돈동 클린-,비가림시설,-,제주특별자치도 서귀포시 신효동 189-3,33.2669284,126.6151987,2020-06-11
효돈동,신효섯동네(국수의전설),효돈적치장1,적치장,-,제주특별자치도 서귀포시 신효동 774,33.2634414,126.6078806,2020-06-11
효돈동,효돈 파출소 후문,효돈적치장5,적치장,제주특별자치도 서귀포시 효돈로 169,제주특별자치도 서귀포시 하효동 137,33.26375033,126.6168606,2020-06-11
영천동,삼성여고,영천동클린-1,비가림시설,-,제주특별자치도 서귀포시 토평동 1046-1,33.257827,126.586078,2020-06-11
영천동,삼원주택,영천동클린-2,비가림시설,-,제주특별자치도 서귀포시 토평동 1615-10,33.274548,126.590501,2020-06-11
영천동,한라빌라,영천동클린-3,비가림시설,-,제주특별자치도 서귀포시 토평동 2087-8,33.27264,126.586856,2020-06-11
영천동,서상효 마을회관 ,영천동클린-4,비가림시설,-,제주특별자치도 서귀포시 상효동 941-7,33.273069,126.596951,2020-06-11
영천동,동상효농협,영천동클린-6,비가림시설,-,제주특별자치도 서귀포시 상효동 453-2,33.279904,126.607512,2020-06-11
영천동,토평신협,영천동클린-7,비가림시설,제주특별자치도 서귀포시 토평로 50,제주특별자치도 서귀포시 토평동 1342-4,33.27050285,126.5900709,2020-06-11
영천동,뒷빌레식당,영천동클린-8,비가림시설,제주특별자치도 서귀포시 토평로 81,제주특별자치도 서귀포시 토평동 1541-3,33.2731265,126.5894962,2020-06-11
영천동,박씨선과장,영천동클린-9,비가림시설,제주특별자치도 서귀포시 토평로19번길 68-6,제주특별자치도 서귀포시 토평동 2069,33.27425745,126.5868675,2020-06-11
영천동,법호촌,영천동클린-10,비가림시설,-,제주특별자치도 서귀포시 상효동 1290-10,33.292274,126.594621,2020-06-11
영천동,돈내코마을회관,영천동클린-11,비가림시설,-,제주특별자치도 서귀포시 상효동 2295-4,33.302493,126.575905,2020-06-11
영천동,공업단지,영천동클린-12,비가림시설,-,제주특별자치도 서귀포시 토평동 3273-1,33.292543,126.581076,2020-06-11
영천동,고장낭밭,영천동클린-13,비가림시설,-,제주특별자치도 서귀포시 상효동 654-19,33.274183,126.599219,2020-06-11
영천동,평안요양원,영천동클린-14,비가림시설,제주특별자치도 서귀포시 토평로 172,제주특별자치도 서귀포시 토평동 1702-1,33.28127841,126.5887667,2020-06-11
영천동,돈내코 관리사무실,영천동클린-15,비가림시설,제주특별자치도 서귀포시 돈내코로 120,제주특별자치도 서귀포시 상효동 1460,33.30012963,126.5844393,2020-06-11
영천동,양마단지,영천적치장 6,적치장,-,제주특별자치도 서귀포시 상효동 1127-2,33.300327,126.600828,2020-06-11
영천동,월라봉로,영천동클린-16,비가림시설,-,제주특별자치도 서귀포시 상효동 828-8,33.267689,126.598021,2020-06-11
영천동,YWCA어린이집 인근,영천적치장 1,적치장,제주특별자치도 서귀포시 516로97번길 13,제주특별자치도 서귀포시 토평동 2336,33.26213529,126.5812794,2020-06-11
영천동,동사무소 인근,영천적치장 2,적치장,-,제주특별자치도 서귀포시 토평동 2235-3,33.268585,126.587045,2020-06-11
영천동,동네거리상회,영천적치장 3,적치장,제주특별자치도 서귀포시 토평중로18번길 10-4,제주특별자치도 서귀포시 토평동 3245,33.27199379,126.5872388,2020-06-11
영천동,정혜재활원,영천적치장 5,적치장,제주특별자치도 서귀포시 인정오름로85번길 41,제주특별자치도 서귀포시 토평동 2895,33.28467665,126.5814767,2020-06-11
영천동,돈내코야영장,적치장,적치장,제주특별자치도 서귀포시 돈내코로 114,제주특별자치도 서귀포시 상효동 1459,33.30024253,126.5847695,2020-06-11
동홍동,산지물(5단지 옆),동홍동클린-1,비가림시설,-,제주특별자치도 서귀포시 동홍동 1687-1,33.264998,126.563634,2020-06-11
동홍동,청소년문화의집(구.동사무소),동홍동클린-2,비가림시설,제주특별자치도 서귀포시 중산간동로 7950,제주특별자치도 서귀포시 동홍동 1041-8,33.26628454,126.5670494,2020-06-11
동홍동,동홍반석아르미 입구,동홍동클린-3,비가림시설,제주특별자치도 서귀포시 동홍로162번길 25,제주특별자치도 서귀포시 동홍동 1209-1,33.26404033,126.5698896,2020-06-11
동홍동,보리고개,동홍동클린-4,비가림시설,-,제주특별자치도 서귀포시 동홍동 1242-5,33.262197,126.566855,2020-06-11
동홍동,명물천사우나,동홍동클린-5,비가림시설,-,제주특별자치도 서귀포시 동홍동 1380-8,33.258958,126.56119,2020-06-11
동홍동,동방아파트 앞(서귀포의료원),동홍동클린-7,비가림시설,-,제주특별자치도 서귀포시 동홍동 1504-3,33.254275,126.563761,2020-06-11
동홍동,우성빌라 건너편,동홍동클린-8,비가림시설,-,제주특별자치도 서귀포시 동홍동 529-8,33.256298,126.566286,2020-06-11
동홍동,새동산교회(구.충일교회),동홍동클린-9,비가림시설,-,제주특별자치도 서귀포시 동홍동 426-7,33.251384,126.56994,2020-06-11
동홍동,노인복지회관,동홍동클린-10,비가림시설,제주특별자치도 서귀포시 태평로537번길 40-9,제주특별자치도 서귀포시 동홍동 646-1,33.25398814,126.5706943,2020-06-11
동홍동,덕산캐슬,동홍동클린-11,비가림시설,-,제주특별자치도 서귀포시 동홍동 151,33.252672,126.574181,2020-06-11
동홍동,서귀포 제일교회(구.오멍가멍),동홍동클린-12,비가림시설,-,제주특별자치도 서귀포시 동홍동 823,33.269826,126.572288,2020-06-11
동홍동,동홍주민센터 옆,동홍동클린-14,비가림시설,-,제주특별자치도 서귀포시 동홍동 577-7,33.257881,126.569257,2020-06-11
동홍동,충암5차,동홍동클린-15,비가림시설,-,제주특별자치도 서귀포시 동홍동 651,33.259004,126.574623,2020-06-11
동홍동,유정빌라,동홍동클린-16,비가림시설,제주특별자치도 서귀포시 동홍북로 75,제주특별자치도 서귀포시 동홍동 663,33.25885838,126.5763713,2020-06-11
동홍동,엔젤하우스 서쪽(작은도서관),동홍동클린-18,비가림시설,제주특별자치도 서귀포시 동홍중앙로 56,제주특별자치도 서귀포시 동홍동 470-1,33.25544697,126.5722626,2020-06-11
동홍동,예그린 하우스,동홍동클린-19,비가림시설,제주특별자치도 서귀포시 태평로536번길 27,제주특별자치도 서귀포시 동홍동 205-2,33.25097008,126.576126,2020-06-11
동홍동,아이진  3차아파트,동홍동클린-20,비가림시설,-,제주특별자치도 서귀포시 토평동 3265-8,33.2576742,126.5763365,2020-06-11
동홍동,현대탕 뒤쪽(대경빌라),동홍동클린-21,비가림시설,-,제주특별자치도 서귀포시 동홍동 420-1,33.256408,126.575787,2020-06-11
동홍동,협심빌라 남쪽(언덕밑),동홍동클린-22,비가림시설,-,제주특별자치도 서귀포시 동홍동 1385-8,33.260652,126.56227,2020-06-11
동홍동,캐슬휘닉스 1차,동홍동클린-23,비가림시설,제주특별자치도 서귀포시 일주동로 8547,제주특별자치도 서귀포시 동홍동 130,33.25418841,126.5754537,2020-06-11
동홍동,제주상회(자기주도학습 입구),동홍동클린-24,비가림시설,제주특별자치도 서귀포시 동홍서로 7,제주특별자치도 서귀포시 동홍동 392-1,33.24987247,126.5705127,2020-06-11
동홍동,서귀포향토오일시장,동홍적치장,적치장,제주특별자치도 서귀포시 토평서로11번길 142,제주특별자치도 서귀포시 동홍동 779-1,33.26698899,126.5736531,2020-06-11
서홍동,홍로그린빌라 옆,서홍동클린-1,비가림시설,제주특별자치도 서귀포시 현청로 23-4,제주특별자치도 서귀포시 서홍동 1966-1,33.26499193,126.5533739,2020-06-11
서홍동,서홍맨션 앞(명성어린이집),서홍동클린-2,비가림시설,제주특별자치도 서귀포시 중앙로 240-10,제주특별자치도 서귀포시 서홍동 238,33.26581249,126.558955,2020-06-11
서홍동,형남3차 아파트 북쪽 ,서홍클린-3,비가림시설,-,제주특별자치도 서귀포시 서홍동 276-8,33.263319,126.555952,2020-06-11
서홍동,태봉그린피아아파트,서홍동클린-4,비가림시설,제주특별자치도 서귀포시 홍중로 92,제주특별자치도 서귀포시 서홍동 299-1,33.2607091,126.555864,2020-06-11
서홍동,태양아파트 앞,서홍동클린-5,비가림시설,-,제주특별자치도 서귀포시 서홍동 305-4,33.260521,126.558046,2020-06-11
서홍동,일호지오빌A 앞,서홍동클린-6,비가림시설,-,제주특별자치도 서귀포시 서홍동 382-2,33.257398,126.558127,2020-06-11
서홍동,서귀포 보건소 옆,서홍동클린-7,비가림시설,제주특별자치도 서귀포시 중앙로101번길 52,제주특별자치도 서귀포시 서홍동 447-3,33.25347982,126.5553555,2020-06-11
서홍동,예일학원 앞,서홍동클린-8,비가림시설,-,제주특별자치도 서귀포시 서홍동 451,33.253559,126.560474,2020-06-11
서홍동,서홍동 주민센터,서홍동클린-10,비가림시설,제주특별자치도 서귀포시 중앙로 125,제주특별자치도 서귀포시 서홍동 397-24,33.25570748,126.5600961,2020-06-11
서홍동,건강나라 앞,서홍동클린-13,비가림시설,-,제주특별자치도 서귀포시 서홍동 345-1,33.258979,126.556109,2020-06-11
서홍동,서홍교회 북쪽,서홍동클린-14,비가림시설,제주특별자치도 서귀포시 현청로 54,제주특별자치도 서귀포시 서홍동 216-3,33.2655284,126.5561445,2020-06-11
대륜동,법환 초등학교 옆,대륜동클린-1,비가림시설,-,제주특별자치도 서귀포시 강정동 475-2,33.236456,126.507207,2020-06-11
대륜동,법환 마을회관 동쪽,대륜동클린-2,비가림시설,-,제주특별자치도 서귀포시 법환동 451-2,33.24062,126.514625,2020-06-11
대륜동,속골로 입구 북쪽,대륜동클린-3,비가림시설,제주특별자치도 서귀포시 속골로 59,제주특별자치도 서귀포시 호근동 1528,33.24523682,126.5302542,2020-06-11
대륜동,돔베낭골주차장,대륜동클린-4,비가림시설,제주특별자치도 서귀포시 태평로92번길 49,제주특별자치도 서귀포시 호근동 1619,33.24016844,126.5318436,2020-06-11
대륜동,한국전력공사,대륜동클린-5,비가림시설,-,제주특별자치도 서귀포시 법환동 745-4,33.2515683,126.508448,2020-06-11
대륜동,서부파출소 앞,대륜동클린-6,비가림시설,-,제주특별자치도 서귀포시 법환동 737,33.2539704,126.5074179,2020-06-11
대륜동,해양경찰서,대륜동클린-7,비가림시설,제주특별자치도 서귀포시 서호남로 11,제주특별자치도 서귀포시 서호동 1528,33.25131569,126.5138549,2020-06-11
대륜동,미래공원2(진미식당동쪽),대륜동클린-10,비가림시설,-,제주특별자치도 서귀포시 서호동 1453,33.2572752,126.5094909,2020-06-11
대륜동,미래공원,대륜동클린-11,비가림시설,제주특별자치도 서귀포시 신서귀로76번길 47-4,제주특별자치도 서귀포시 서호동 1149-7,33.25964263,126.5128086,2020-06-11
대륜동,고근산배수지 인근,대륜동클린-12,비가림시설,제주특별자치도 서귀포시 신월동로30번길 2,제주특별자치도 서귀포시 서호동 1423,33.26353826,126.5083824,2020-06-11
대륜동,용천사입구,대륜동클린-13,비가림시설,제주특별자치도 서귀포시 호근북로 56,제주특별자치도 서귀포시 호근동 1141-5,33.26177655,126.5303246,2020-06-11
대륜동,서문(2청사 방향 사거리),대륜동클린-17,비가림시설,-,제주특별자치도 서귀포시 서호동 794-4,33.2572261,126.519123,2020-06-11
대륜동,호근썬마트 맞은편,대륜동클린-18,비가림시설,-,제주특별자치도 서귀포시 호근동 1786-2,33.2574854,126.5247956,2020-06-11
대륜동,서강네스빌 옆,대륜동클린-19,비가림시설,-,제주특별자치도 서귀포시 호근동 1371-3,33.2571773,126.5296159,2020-06-11
대륜동,군족옆,대륜동클린-20,비가림시설,-,제주특별자치도 서귀포시 서호동 1209-1,33.2567091,126.5155379,2020-06-11
대륜동,공무원 연금공단,대륜동클린-21,비가림시설,-,제주특별자치도 서귀포시 서호동 925-5,33.2528569,126.5176063,2020-06-11
대륜동,서호서부농협 동쪽,대륜동클린-23,비가림시설,제주특별자치도 서귀포시 서호호근로96번길 17,제주특별자치도 서귀포시 호근동 1772,33.25574799,126.5259741,2020-06-11
대륜동,서호교회 옆,대륜동클린-24,비가림시설,-,제주특별자치도 서귀포시 호근동 1838-7,33.2568657,126.522107,2020-06-11
대륜동,상지 에코빌,대륜동클린,비가림시설,제주특별자치도 서귀포시 월드컵로 59-5,제주특별자치도 서귀포시 법환동 1641,33.2447473,126.5072043,2020-06-11
대륜동,서호 블루오션,대륜동클린,비가림시설,-,제주특별자치도 서귀포시 서호동 645-1,33.2598005,126.520068,2020-06-11
대륜동,막숙(법환포구),대륜동클린,비가림시설,-,제주특별자치도 서귀포시 법환동 284-1,33.2375053,126.5133686,2020-06-11
대륜동,기영연립,적치장,적치장,제주특별자치도 서귀포시 이어도로 943,제주특별자치도 서귀포시 법환동 398,33.23921343,126.5141623,2020-06-11
대륜동,호근로 112번길 입구,적치장,적치장,-,제주특별자치도 서귀포시 호근동 1883-1,33.2603108,126.5251506,2020-06-11
대륜동,희망주유소 맞은편,적치장,적치장,-,제주특별자치도 서귀포시 호근동 850-10,33.2623028,126.5378002,2020-06-11
대륜동,구 부영함바식당 앞,적치장,적치장,-,제주특별자치도 서귀포시 서호동 271-1,33.2514183,126.52219,2020-06-11
대륜동,속골로 입구,적치장,적치장,제주특별자치도 서귀포시 속골로 49,제주특별자치도 서귀포시 호근동 1570-1,33.24418557,126.529792,2020-06-11
대천동,강정의례회관,대천동클린-1,비가림시설,-,제주특별자치도 서귀포시 강정동 2940-1,33.237551,126.482364,2020-06-11
대천동,강정천 주유소 서쪽,대천동클린-2,비가림시설,-,제주특별자치도 서귀포시 강정동 2857-4,33.234956,126.48208,2020-06-11
대천동,강정아왜낭목,대천동클린-3,비가림시설,-,제주특별자치도 서귀포시 강정동 4590,33.233416,126.475319,2020-06-11
대천동,염돈어린이집,대천동클린-5,비가림시설,-,제주특별자치도 서귀포시 강정동 2095,33.250341,126.494899,2020-06-11
대천동,월산 삼거리,대천동클린-6,비가림시설,제주특별자치도 서귀포시 염돈로 123,제주특별자치도 서귀포시 강정동 1926-1,33.25962734,126.4918686,2020-06-11
대천동,월평마을회관,대천동클린-7,비가림시설,제주특별자치도 서귀포시 월평로 41,제주특별자치도 서귀포시 월평동 419,33.24611993,126.4607818,2020-06-11
대천동,월평무료주차장,대천동클린-8,비가림시설,제주특별자치도 서귀포시 월평로 15,제주특별자치도 서귀포시 월평동 471-1,33.24480787,126.4592833,2020-06-11
대천동,월평체육공원(정도),대천동클린-9,비가림시설,-,제주특별자치도 서귀포시 월평동 513-1,33.2433304,126.4570913,2020-06-11
대천동,도순 무료주차장,대천동클린-10,비가림시설,제주특별자치도 서귀포시 도순남로29번길 22-7,제주특별자치도 서귀포시 도순동 313-1,33.24956848,126.4761441,2020-06-11
대천동,도순 마을회관,대천동클린-11,비가림시설,제주특별자치도 서귀포시 도순남로29번길 13,제주특별자치도 서귀포시 도순동 279-6,33.25085315,126.4754668,2020-06-11
대천동,도순코사마트 맞은편,대천동클린-12,비가림시설,제주특별자치도 서귀포시 일주서로 326,제주특별자치도 서귀포시 도순동 903,33.25300695,126.4739301,2020-06-11
대천동,이비가 짬뽕,대천동클린-13,비가림시설,제주특별자치도 서귀포시 일주서로 366,제주특별자치도 서귀포시 도순동 758-3,33.25321898,126.4695076,2020-06-11
대천동,도순 진양빌라 입구,대천동클린-14,비가림시설,제주특별자치도 서귀포시 일주서로 313,제주특별자치도 서귀포시 도순동 243-1,33.25229769,126.4750719,2020-06-11
대천동,신시가지대신화물,대천동클린-16,비가림시설,-,제주특별자치도 서귀포시 강정동 174-1,33.25248,126.508293,2020-06-11
대천동,한경식당 서쪽,대천동클린-17,비가림시설,제주특별자치도 서귀포시 신서로114번길 30,제주특별자치도 서귀포시 강정동 129-7,33.25873843,126.5084908,2020-06-11
대천동,대신중학교 입구,대천동클린-18,비가림시설,제주특별자치도 서귀포시 신서로88번길 17,제주특별자치도 서귀포시 강정동 134-18,33.25801692,126.5075247,2020-06-11
대천동,미래공원(문화어린이공원),대천동클린-19,비가림시설,제주특별자치도 서귀포시 신서로102번길 28,제주특별자치도 서귀포시 강정동 125-2,33.25937086,126.5088178,2020-06-11
대천동,도순코사마트 옆 주차장,대천동클린-20,비가림시설,제주특별자치도 서귀포시 일주서로 327,제주특별자치도 서귀포시 도순동 820-4,33.25247942,126.4736972,2020-06-11
대천동,S&P어린이집,대천동클린,비가림시설,-,제주특별자치도 서귀포시 강정동 146,33.256108,126.505822,2020-06-11
대천동,용흥 노인복지회관,-,적치장,제주특별자치도 서귀포시 일주서로 234,제주특별자치도 서귀포시 강정동 4047-3,33.25051346,126.4830577,2020-06-11
대천동,숨비소리입구,-,적치장,-,제주특별자치도 서귀포시 강정동 4692,33.229111,126.476405,2020-06-11
중문동,솔빛바다빌라 앞,중문동클린-1,비가림시설,-,제주특별자치도 서귀포시 중문동 1452,33.25763,126.425214,2020-06-11
중문동,하우스 더 부자,중문동클린-2,비가림시설,-,제주특별자치도 서귀포시 중문동 1543,33.257133,126.423938,2020-06-11
중문동,희망빌,중문동클린-3,비가림시설,제주특별자치도 서귀포시 중문로41번길 5,제주특별자치도 서귀포시 중문동 1551-1,33.25534051,126.4243029,2020-06-11
중문동,이화빌라,중문동클린-4,비가림시설,제주특별자치도 서귀포시 중문상로 99,제주특별자치도 서귀포시 중문동 1349-2,33.25708614,126.4274466,2020-06-11
중문동,슬기샘어린이집 입구,중문동클린-5,비가림시설,-,제주특별자치도 서귀포시 중문동 1684-2,33.254778,126.426995,2020-06-11
중문동,남주아파트 입구,중문동클린-7,비가림시설,제주특별자치도 서귀포시 천제연로213번길 33-4,제주특별자치도 서귀포시 중문동 1675-1,33.2540367,126.4278056,2020-06-11
중문동,우체국사거리 앞,중문동클린-8,비가림시설,-,제주특별자치도 서귀포시 중문동 2116-4,33.251546,126.423045,2020-06-11
중문동,타운하우스 앞,중문동클린-10,비가림시설,제주특별자치도 서귀포시 천제연로208번길 20,제주특별자치도 서귀포시 중문동 2036-2,33.24997696,126.4264928,2020-06-11
중문동,중문청년회의소 옆,중문동클린-11,비가림시설,제주특별자치도 서귀포시 중문관광로 335,제주특별자치도 서귀포시 중문동 2439-1,33.25011461,126.4305481,2020-06-11
중문동,동산낚시 앞,중문동클린-12,비가림시설,-,제주특별자치도 서귀포시 대포동 778,33.246892,126.432778,2020-06-11
중문동,대포마을회관 앞,중문동클린-13,비가림시설,-,제주특별자치도 서귀포시 대포동 1598-4,33.242827,126.432073,2020-06-11
중문동,보우힐(소공원),중문동클린-14,비가림시설,-,제주특별자치도 서귀포시 대포동 1900-3,33.240715,126.43145,2020-06-11
중문동,미덕하이츠빌라 앞,중문동클린-15,비가림시설,제주특별자치도 서귀포시 대포복개로 42,제주특별자치도 서귀포시 대포동 2026-1,33.2422892,126.4346504,2020-06-11
중문동,회수로터리서쪽,중문동클린-16,비가림시설,-,제주특별자치도 서귀포시 회수동 845-4,33.2632478,126.4381755,2020-06-11
중문동,회수다리 옆,중문동클린-17,비가림시설,-,제주특별자치도 서귀포시 회수동 355-5,33.2627497,126.4449862,2020-06-11
중문동,마을서쪽자비사가는길,중문동클린-18,비가림시설,-,제주특별자치도 서귀포시 하원동 1202-1,33.258988,126.455829,2020-06-11
중문동,하원동 예가,중문동클린-19,비가림시설,-,제주특별자치도 서귀포시 하원동 1276,33.257376,126.457952,2020-06-11
중문동,마을회관입구 앞(AN빌라 남),중문동클린-20,비가림시설,제주특별자치도 서귀포시 법화로 13,제주특별자치도 서귀포시 하원동 1332-2,33.25506922,126.4586535,2020-06-11
중문동,하원마을회관 뒤쪽,중문동클린-21,비가림시설,-,제주특별자치도 서귀포시 하원동 493,33.257348,126.460182,2020-06-11
중문동,풍림빌리지,중문동클린-22,비가림시설,제주특별자치도 서귀포시 대포복개로 95,제주특별자치도 서귀포시 대포동 829,33.24736373,126.433901,2020-06-11
중문동,DM하우스,입구,비가림시설,-,제주특별자치도 서귀포시 회수동 658-1,33.2543906,126.4373832,2020-06-11
중문동,누리빌주차장,-,적치장,제주특별자치도 서귀포시 1100로49번길 28-2,제주특별자치도 서귀포시 중문동 1767-3,33.25481605,126.431814,2020-06-11
중문동,상지타운,-,적치장,제주특별자치도 서귀포시 중문상로 10,제주특별자치도 서귀포시 중문동 2367-1,33.24934041,126.4245397,2020-06-11
중문동,노인복지타운,DM하우스 우측20m,적치장,-,제주특별자치도 서귀포시 회수동 656,33.2548042,126.4364326,2020-06-11
중문동,약천사입구,-,적치장,-,제주특별자치도 서귀포시 하원동 1710-1,33.243362,126.453571,2020-06-11
예래동,상예 2 (3통),예래동클린-1,비가림시설,-,제주특별자치도 서귀포시 상예동 4625,33.2657514,126.3763718,2020-06-11
예래동,우남동,예래동클린-2,비가림시설,-,제주특별자치도 서귀포시 상예동 1718,33.2644643,126.3895852,2020-06-11
예래동,정문동 (2통),예래동클린-3,비가림시설,-,제주특별자치도 서귀포시 상예동 1442-2,33.2502378,126.391847,2020-06-11
예래동,중동 (4통),예래동클린-4,비가림시설,-,제주특별자치도 서귀포시 하예동 999-1,33.2417955,126.3798882,2020-06-11
예래동,포구 (5통),예래동클린-5,비가림시설,-,제주특별자치도 서귀포시 하예동 1774-1,33.2329914,126.3705453,2020-06-11
예래동,색달마을회관,예래동클린-6,비가림시설,제주특별자치도 서귀포시 색달중앙로 66,제주특별자치도 서귀포시 색달동 1892-7,33.26141194,126.4130974,2020-06-11
예래동,가가동,예래동클린-7,비가림시설,-,제주특별자치도 서귀포시 상예동 4563,33.2713238,126.3720723,2020-06-11
예래동,상예복지센터 밑,예래동클린-8,비가림시설,제주특별자치도 서귀포시 상예로 81,제주특별자치도 서귀포시 상예동 1526-1,33.25337748,126.3892938,2020-06-11
예래동,상예마을회관 옆,예래동클린-9,비가림시설,-,제주특별자치도 서귀포시 상예동 1279,33.2486338,126.3880747,2020-06-11
예래동,하예동무료주차장,예래동클린-10,비가림시설,-,제주특별자치도 서귀포시 하예동 266,33.2452664,126.3859862,2020-06-11
예래동,논지물 입구,예래동클린-11,비가림시설,-,제주특별자치도 서귀포시 하예동 997,33.2411503,126.3803282,2020-06-11
예래동,돈뱅이 입구,예래동클린-12,비가림시설,-,제주특별자치도 서귀포시 하예동 293-2,33.2437466,126.3863532,2020-06-11
예래동,주민센터 밑,예래동클린-13,비가림시설,-,제주특별자치도 서귀포시 상예동 531,33.2535813,126.3963528,2020-06-11
예래동,색달동매립장,예래동클린-14,비가림시설,-,제주특별자치도 서귀포시 색달동 산8,33.308716,126.4184875,2020-06-11
예래동,예래초등학교,적치장-1,적치장,제주특별자치도 서귀포시 예래로 210-14,제주특별자치도 서귀포시 상예동 1152-3,33.24574644,126.3915573,2020-06-11
예래동,새마을금고서쪽,적치장-2,적치장,-,제주특별자치도 서귀포시 상예동 3172-1,33.2469712,126.3858412,2020-06-11
예래동,하예하동마을회관,적치장-10,적치장,-,제주특별자치도 서귀포시 하예동 1560,33.2363026,126.371074,2020-06-11
예래동,대평입구,적치장,적치장,-,제주특별자치도 서귀포시 하예동 1831-3,33.2351148,126.3682831,2020-06-11
