위도,경도,shop,name,addr:full
37.75605975,128.900708,hairdresser,국제미용실,강원도 강릉시 옥천로19번길 28 (옥천동)
37.89405149,128.8284448,hairdresser,은파미용실,강원도 강릉시 주문진읍 항구2길 12
37.75524512,128.8919602,hairdresser,현대미용실,강원도 강릉시 임영로 156-1 (임당동)
37.75682207,128.8900005,hairdresser,선아미용실,강원도 강릉시 임영로157번길 24 (교동)
37.75402359,128.8986233,hairdresser,성미용실,강원도 강릉시 금성로 21 (성남동)
37.755961,128.8978147,hairdresser,명성미용실,강원도 강릉시 경강로 2115 (임당동)
37.75284667,128.8958638,hairdresser,박계란미용실,강원도 강릉시 신대학길 22-10 (금학동)
37.7522775,128.88755,hairdresser,강남미용실,"강원도 강릉시 토성로 92, 1층 (홍제동)"
37.88754463,128.8254193,hairdresser,제니정헤어필주문진점,강원도 강릉시 주문진읍 주문로 39-2
37.75084701,128.8937389,hairdresser,은미용실,강원도 강릉시 남문길 7-1 (남문동)
37.75362843,128.9007553,hairdresser,금빗미용실,강원도 강릉시 중앙시장2길 56 (성남동)
37.75133584,128.8860879,hairdresser,서울미용실,강원도 강릉시 토성로 76 (홍제동)
37.88784406,128.8254955,hairdresser,최상주미용실,강원도 강릉시 주문진읍 주문로 45
37.7537245,128.8967561,hairdresser,SM프로헤어,강원도 강릉시 대학길 6 (금학동)
37.75268885,128.9052785,hairdresser,지인헤어,강원도 강릉시 강중길 3 (노암동)
37.75161945,128.8969103,hairdresser,윤미용실,강원도 강릉시 금성로45번길 12 (성남동)
37.75474596,128.8953685,hairdresser,은수탕미용실,강원도 강릉시 경강로 2089-1 (임당동)
37.75340105,128.8995214,hairdresser,성규미용실,강원도 강릉시 중앙시장2길 43-1 (성남동)
37.75244363,128.9046438,hairdresser,진희미용실,강원도 강릉시 율곡로 2755 (노암동)
37.74762598,128.8967613,hairdresser,연아헤어샵,강원도 강릉시 임영로 59-1 (노암동)
37.76904736,128.9022428,hairdresser,멋쟁이 미용실,강원도 강릉시 명륜로 119 (포남동)
37.7794125,128.9161761,hairdresser,정민헤어스케치,강원도 강릉시 산양큰길24번길 1 (포남동)
37.75524946,128.8996349,hairdresser,박미용실,강원도 강릉시 금성로 4 (옥천동)
37.89065665,128.8264006,hairdresser,미리내 미용실,강원도 강릉시 주문진읍 작은다리길 17
37.75258733,128.8986322,hairdresser,새한미용실,강원도 강릉시 중앙시장3길 37-2 (성남동)
37.80332652,128.9043357,hairdresser,송월미용실,강원도 강릉시 경포로 479 (안현동)
37.75386358,128.898004,hairdresser,세븐미용실,강원도 강릉시 금성로 23 (성남동)
37.75446025,128.8960379,hairdresser,수기헤어,강원도 강릉시 경강로 2092-1 (임당동)
37.75150337,128.8864099,hairdresser,화신미용실,강원도 강릉시 홍제로 38 (홍제동)
37.76017662,128.8979015,hairdresser,로즈헤어,강원도 강릉시 옥천로 73 (교동)
37.76006572,128.9006624,hairdresser,환미용실,"강원도 강릉시 옥천로 48 (옥천동,상가 88호)"
37.76010756,128.8957956,hairdresser,오뚜기미용실,강원도 강릉시 율곡로2874번길 6 (교동)
37.83809342,128.8740668,hairdresser,아가페미용실,강원도 강릉시 사천면 진리해변길 48
37.76612201,128.9090735,hairdresser,민미용실,강원도 강릉시 남구길10번길 32 (포남동)
37.75283884,128.904465,hairdresser,형제미용실,강원도 강릉시 율곡로 2760 (노암동)
37.76015942,128.8938427,hairdresser,센스미용실,강원도 강릉시 강릉대로211번길 19 (교동)
37.75302271,128.8981677,hairdresser,이미자미용실,강원도 강릉시 중앙시장1길 4 (성남동)
37.75604534,128.8914329,hairdresser,매직헤어,강원도 강릉시 임영로 165 (용강동)
37.75484837,128.8947977,hairdresser,예스앤모어 헤어,"강원도 강릉시 문화의길8번길 2, 2층 (임당동)"
37.77064127,128.9069305,hairdresser,이지머리방,강원도 강릉시 가작로 289 (포남동)
37.74601264,128.9034605,hairdresser,우성미용실,강원도 강릉시 노가니남길 10 (노암동)
37.73944158,128.8779402,hairdresser,헤어 스마일,"강원도 강릉시 관대길29번길 1, 1층 (내곡동)"
37.88498706,128.8250719,hairdresser,신아미용실,강원도 강릉시 주문진읍 주문로 13
37.88856321,128.8258602,hairdresser,국제미용실,강원도 강릉시 주문진읍 주문로 54
37.89088003,128.8259147,hairdresser,한아름머리방,강원도 강릉시 주문진읍 주문로 79
37.75241686,128.8872965,hairdresser,휘랑미용실,강원도 강릉시 토성로 91 (홍제동)
37.7679408,128.8762104,hairdresser,오즈미용실,강원도 강릉시 하슬라로206번길 4 (교동)
37.75194363,128.9116768,hairdresser,우연정미용실,강원도 강릉시 율곡로2692번길 56 (입암동)
37.75923936,128.89394,hairdresser,할렐루야미용실,강원도 강릉시 임영로198번길 17 (교동)
37.77530659,128.9313825,hairdresser,소라미용실,강원도 강릉시 경강로 2485 (송정동)
37.6073991,129.0334136,hairdresser,서울미용타운,"강원도 강릉시 옥계면 현내시장길 100-1, 1층"
37.76088023,128.9005636,hairdresser,명도헤어라인,강원도 강릉시 옥가로50번길 3 (옥천동)
37.75242698,128.8976982,hairdresser,개성선언미용실,강원도 강릉시 금성로35번길 12-2 (성남동)
37.75438874,128.9003256,hairdresser,영보미용실,강원도 강릉시 금성로5번길 12 (성남동)
37.75580038,128.8914624,hairdresser,서부미용실,강원도 강릉시 임영로 163 (용강동)
37.76064565,128.9046191,hairdresser,아랑미용실,강원도 강릉시 용지각길 7 (포남동)
37.77435952,128.9101472,hairdresser,별빛머리방,강원도 강릉시 강릉대로443번길 21-1 (포남동)
37.77161151,128.916072,hairdresser,감각미용실,강원도 강릉시 하평3길 28 (포남동)
37.77425276,128.9106591,hairdresser,월드미용실,강원도 강릉시 강릉대로443번길 18 (포남동)
37.77789753,128.9141559,hairdresser,에덴미용실,강원도 강릉시 산양길 22 (포남동)
37.74678362,128.8964023,hairdresser,희헤어숍,강원도 강릉시 단오장길22번길 11-2 (노암동)
37.7835207,128.9155324,hairdresser,비비헤어코디,강원도 강릉시 연당길 63 (초당동)
37.75576847,128.9007553,hairdresser,순이헤어,강원도 강릉시 옥천로19번길 29 (옥천동)
37.76117799,128.8992381,hairdresser,꾀꼬리미용실,강원도 강릉시 옥천로62번길 17 (교동)
37.76119849,128.9011895,hairdresser,현주미용실,강원도 강릉시 동부시장1길 7 (옥천동)
37.88690363,128.8256091,hairdresser,손미용실,강원도 강릉시 주문진읍 주문로 34
37.88070426,128.8260398,hairdresser,아트헤어,강원도 강릉시 주문진읍 연주로 317-1
37.76136102,128.9058048,hairdresser,시온헤어샾,강원도 강릉시 용지각길 20 (포남동)
37.75105038,128.8864244,hairdresser,그린미용실,강원도 강릉시 홍제로 33 (홍제동)
37.82317326,128.8490346,hairdresser,사천미용실,강원도 강릉시 사천면 미노길 63
37.76391682,128.9148916,hairdresser,레이디미용실,강원도 강릉시 강변로 508 (입암동)
37.76391246,128.8749569,hairdresser,이미숙뷰티,"강원도 강릉시 솔올로5번길 33, 104호 (교동)"
37.76373478,128.9067483,hairdresser,위드헤어,강원도 강릉시 남구길 3 (포남동)
37.76558981,128.9062516,hairdresser,윤정헤어벨,강원도 강릉시 경강로2245번길 21 (포남동)
37.76930767,128.9197482,hairdresser,신세계헤어타운,강원도 강릉시 남강초교2길 38 (포남동)
37.89064687,128.8256609,hairdresser,박영남헤어라인,강원도 강릉시 주문진읍 작은다리길 11
37.88544804,128.824693,hairdresser,누리머리방,강원도 강릉시 주문진읍 연주로 372-1
37.75329757,128.8998715,hairdresser,수향미용실,"강원도 강릉시 중앙시장2길 46-1 (성남동,새마을금고앞)"
37.89522165,128.8305321,hairdresser,엘림미용실,강원도 강릉시 주문진읍 주문로 143
37.89121671,128.8272356,hairdresser,지성미용실,강원도 강릉시 주문진읍 시장길 39 (2층)
37.89485481,128.8292941,hairdresser,아씨머리방,강원도 강릉시 주문진읍 주문로 133
37.75402359,128.8986233,hairdresser,유선미용실,강원도 강릉시 금성로 21 (성남동)
37.77104705,128.9122076,hairdresser,명헤어연출,강원도 강릉시 하평2길 7 (포남동)
37.77097392,128.9167069,hairdresser,라헬헤어,강원도 강릉시 하평3길 18 (포남동)
37.60851111,129.0346622,hairdresser,모델미용타운,강원도 강릉시 옥계면 현내시장길 84
37.88970807,128.8257157,hairdresser,대림미용타운,강원도 강릉시 주문진읍 주문로 65
37.74524805,128.8969554,hairdresser,신화미용실,강원도 강릉시 임영로 32-2 (노암동)
37.89578597,128.8314849,hairdresser,여왕헤어샵,강원도 강릉시 주문진읍 주문북로 10-1
37.89002849,128.8270282,hairdresser,머리가예쁜나라,"강원도 강릉시 주문진읍 시장길 25-1, 1층"
37.75263638,128.897349,hairdresser,차미랑헤어숍,강원도 강릉시 중앙시장2길 23 (성남동)
37.7610727,128.9049224,hairdresser,금강미용실,강원도 강릉시 용지각길 11 (포남동)
37.77539538,128.9130125,hairdresser,준영뷰티헤어샵,강원도 강릉시 강릉대로469번길 9 (포남동)
37.75313785,128.900112,hairdresser,미성미용실,강원도 강릉시 중앙시장3길 52-1 (성남동)
37.76783857,128.9051327,hairdresser,심미숙헤어샾,강원도 강릉시 강릉대로359번길 9 (포남동)
37.76970557,128.9149552,hairdresser,데일리헤어,강원도 강릉시 하평길 58 (포남동)
37.76436692,128.8907956,hairdresser,장헤어스케치,강원도 강릉시 옛강일길 57 (교동)
37.76419718,128.889764,hairdresser,머리쉼터,강원도 강릉시 옛강일길 47 (교동)
37.75815148,128.9060626,hairdresser,함은실미용타운,강원도 강릉시 수문길 60-1 (옥천동)
37.75426353,128.8912161,hairdresser,필헤어샵,강원도 강릉시 토성로 132 (용강동)
37.77336263,128.9116318,hairdresser,케어올데이,강원도 강릉시 강릉대로443번길 5 (포남동)
37.77078599,128.9169019,hairdresser,조엘헤어,강원도 강릉시 하평3길 16 (포남동)
37.76194086,128.8762303,hairdresser,블랙헤어샵,강원도 강릉시 정원로 53-9 (교동)
37.74668166,128.9025648,hairdresser,환희머리방,강원도 강릉시 노가니길 45 (노암동)
37.75866061,128.9201161,hairdresser,고영희헤어샾,"강원도 강릉시 성덕포남로 37, 205호 (입암동, 입암6주공아파트상가)"
37.76011332,128.9151949,hairdresser,박근혜헤어스튜디오,"강원도 강릉시 월대산로 43, 101호 (입암동, 입암5주공아파트상가)"
37.71487504,128.829347,hairdresser,소담미용실,강원도 강릉시 성산면 구산길 73
37.75585696,128.8997426,hairdresser,홍나영뷰티샵,강원도 강릉시 율곡로 2814 (옥천동)
37.75243322,128.8986416,hairdresser,은진미용실,"강원도 강릉시 중앙시장3길 36, 1층 (성남동)"
37.76189745,128.9076708,hairdresser,페이지헤어샵,강원도 강릉시 경강로2224번길 13 (포남동)
37.76472811,128.8809338,hairdresser,이가위헤어모드,강원도 강릉시 율곡초교길43번길 22 (교동)
37.77420641,128.9103623,hairdresser,오키헤어샵,강원도 강릉시 강릉대로443번길 19-1 (포남동)
37.77946982,128.9173261,hairdresser,송현주헤어팜,"강원도 강릉시 강릉대로527번길 8, 1층 (포남동)"
37.76490972,128.8908378,hairdresser,머리마당,"강원도 강릉시 화부산로 118 (교동,825-3)"
37.76311195,128.9075603,hairdresser,오투헤어,강원도 강릉시 경강로2234번길 4 (포남동)
37.87851704,128.8270258,hairdresser,뷰티헤어샵,강원도 강릉시 주문진읍 연주로 291
37.75261242,128.8942916,hairdresser,1040 헤어,강원도 강릉시 신대학길 8-1 (금학동)
37.76412346,128.8881872,hairdresser,굳 앤 에이스헤어,강원도 강릉시 화부산로 92-1 (교동)
37.75473276,128.9009907,hairdresser,까꼬뽀꼬헤어샵,강원도 강릉시 율곡로 2798 (성남동)
37.75434014,128.868188,hairdresser,머리이야기,"강원도 강릉시 선수촌로 11, 103호 (홍제동, 엘에이치미디어촌5단지)"
37.7627246,128.9035719,hairdresser,승빈미용실,강원도 강릉시 중기길 20 (포남동)
37.76903431,128.8840293,hairdresser,권민재헤어갤러리,"강원도 강릉시 가작로 71 (교동,부영상가 101호)"
37.76903431,128.8840293,hairdresser,장지연헤어넷,"강원도 강릉시 가작로 71 (교동,부영상가 204호)"
37.76199869,128.9049827,hairdresser,박계출헤어샵,강원도 강릉시 남구길5번길 25 (포남동)
37.75807604,128.8935125,hairdresser,훌러덩머리방,강원도 강릉시 강릉대로210번길 2 (교동)
37.87076023,128.836818,hairdresser,영진미용실,"강원도 강릉시 연곡면 영진길 6, 1층"
37.60990429,129.0363781,hairdresser,박애림미용실,강원도 강릉시 옥계면 현내시장길 61-1
37.6086704,129.0351675,hairdresser,향미미용실,강원도 강릉시 옥계면 현내시장길 79
37.76465328,128.909207,hairdresser,화이트 헤어샵,강원도 강릉시 경강로2256번길 4 (포남동)
37.75208933,128.8956288,hairdresser,이채림헤어,강원도 강릉시 금성로 53 (성남동)
37.76122141,128.9031118,hairdresser,우진미용실,강원도 강릉시 중기5길 13-2 (옥천동)
37.76966906,128.9120227,hairdresser,M.K 헤어,강원도 강릉시 성덕포남로182번길 33 (포남동)
37.77493067,128.9101298,hairdresser,요술가위미용실,강원도 강릉시 보래미상길 70-1 (포남동)
37.77211084,128.9121134,hairdresser,신데렐라 헤어뉴스,강원도 강릉시 강릉대로 436 (포남동)
37.76006572,128.9006624,hairdresser,희망미용실,"강원도 강릉시 옥천로 48, 1층 21호 (옥천동, 동부시장)"
37.74490931,128.8987184,hairdresser,영진헤어테크닉,강원도 강릉시 노암등길46번길 16 (노암동)
37.74598562,128.9023946,hairdresser,보궁헤어샵,강원도 강릉시 노암길42번길 19 (노암동)
37.74351057,128.8935348,hairdresser,김은선헤어코디,강원도 강릉시 남부로125번길 18 (노암동)
37.77597392,128.8724147,hairdresser,신아름미용실,강원도 강릉시 지변길 170 (지변동)
37.75772897,128.8890944,hairdresser,고은아미용실,"강원도 강릉시 강릉대로159번안길 12, 1층 (교동)"
37.76500108,128.8819372,hairdresser,맘스헤어,강원도 강릉시 원대로 115 (교동)
37.76429578,128.8812394,hairdresser,헤어짱,강원도 강릉시 교동광장로 149 (교동)
37.76312979,128.8798587,hairdresser,란헤어매직,"강원도 강릉시 교동광장로 138-13, 202호 (교동, 현대2차아파트상가)"
37.76884778,128.8935616,hairdresser,신유화머리방,강원도 강릉시 율곡로2968번길 25 (교동)
37.76625422,128.8833761,hairdresser,우리들헤어방,강원도 강릉시 가작로 78 (교동)
37.77112854,128.8814057,hairdresser,여우가머리하는날,"강원도 강릉시 원대로 191, 1층 (교동)"
37.74072064,128.8783054,hairdresser,미즈헤어크리닉,강원도 강릉시 관대길16번길 9 (내곡동)
37.73979101,128.8784438,hairdresser,크라크라미용실,강원도 강릉시 관대길 19 (내곡동)
37.75690009,128.9038084,hairdresser,모아헤어샵,강원도 강릉시 옥천로 7 (옥천동)
37.77524862,128.910999,hairdresser,헤어포인트,강원도 강릉시 강릉대로457번길 23 (포남동)
37.75478084,128.8902702,hairdresser,누리미용실,"강원도 강릉시 토성로123번길 7 (홍제동, 1층)"
37.77479512,128.9109167,hairdresser,이정윤미용실,강원도 강릉시 보래미하길53번길 16 (포남동)
37.75545116,128.9107203,hairdresser,헤어스투디오로리아,강원도 강릉시 용지로 42 (입암동)
37.76391704,128.908394,hairdresser,한성미용실,강원도 강릉시 경강로2246번길 4 (포남동)
37.77631955,128.9116532,hairdresser,노랑머리미용실,강원도 강릉시 강릉대로469번길 25 (포남동)
37.7594223,128.9067694,hairdresser,신머리방,"강원도 강릉시 용지로96번길 12, 1층 (포남동)"
37.76398619,128.9068721,hairdresser,최주원의 컬펌,강원도 강릉시 남구길 6-1 (포남동)
37.76287917,128.9083113,hairdresser,이민경헤어,강원도 강릉시 성덕포남로149번길 44 (포남동)
37.74929723,128.899775,hairdresser,한일미용실,강원도 강릉시 노가니길 8 (노암동)
37.74968598,128.8993868,hairdresser,레이디헤어,강원도 강릉시 노가니길 2 (노암동)
37.7571237,128.8887627,hairdresser,쥬쥬헤어클럽,강원도 강릉시 강릉대로 166 (교동)
37.76985739,128.8850895,hairdresser,민혜정헤어,"강원도 강릉시 가작로 85 (교동, 교동주공2단지아파트상가)"
37.76733985,128.8823996,hairdresser,밍크아리헤어샵,강원도 강릉시 원대로143번길 1 (교동)
37.78833169,128.9246286,hairdresser,이대석갤러리,강원도 강릉시 창해로 261 (강문동)
37.74503392,128.8839914,hairdresser,춤추는머리나라,강원도 강릉시 범일로 657 (내곡동)
37.76239437,128.9156362,hairdresser,가연이네머리방,강원도 강릉시 성덕포남로 95 (입암동)
37.77841641,128.9325328,hairdresser,미강미용실,"강원도 강릉시 팔송길35번길 30, 102호 (송정동, 삼익비치맨션상가)"
37.75840274,128.9021935,hairdresser,지예헤어아트,강원도 강릉시 옥천로 30 (옥천동)
37.89637296,128.830952,hairdresser,머리하는 날,강원도 강릉시 주문진읍 주문북로 17
37.89361275,128.8280647,hairdresser,현대미용실,강원도 강릉시 주문진읍 항구윗길 7
37.88977847,128.8259972,hairdresser,까까머리미용실,강원도 강릉시 주문진읍 주문로 66
37.7545185,128.8914219,hairdresser,이춘화 헤어붐,강원도 강릉시 토성로 133 (용강동)
37.76064165,128.9004823,hairdresser,인태리미용실,강원도 강릉시 옥가로50번길 2 (옥천동)
37.75695144,128.893607,hairdresser,멋쟁이헤어샵,강원도 강릉시 강릉대로210번길 13 (임당동)
37.75505587,128.8942302,hairdresser,홍수경헤어팜,강원도 강릉시 문화의길 13 (임당동)
37.7568256,128.8959369,hairdresser,미미헤어샵,강원도 강릉시 토성로 182 (임당동)
37.78448024,128.9174052,hairdresser,아름헤어,강원도 강릉시 초당원길 26-2 (초당동)
37.7644486,128.9080786,hairdresser,미다모아헤어샵,강원도 강릉시 경강로 2245 (포남동)
37.77448812,128.9099608,hairdresser,가람헤어샵,강원도 강릉시 강릉대로443번길 25 (포남동)
37.77367869,128.9106795,hairdresser,김헤어라인,강원도 강릉시 보래미길 48 (포남동)
37.77077696,128.9125968,hairdresser,현 헤어샵,"강원도 강릉시 하평2길 6, 207호 (포남동, 청송아파트상가)"
37.75236629,128.8838541,hairdresser,이수연헤어샵,강원도 강릉시 새냉이길 24 (홍제동)
37.75515453,128.8799999,hairdresser,머리나라,"강원도 강릉시 하슬라로 18 (홍제동,1층)"
37.89133168,128.8259279,hairdresser,노경헤어필,강원도 강릉시 주문진읍 주문로 83
37.7523629,128.8971967,hairdresser,변영애 헤어커커,강원도 강릉시 곶감전길 9 (성남동)
37.77179176,128.9143988,hairdresser,가위손미용실,"강원도 강릉시 하평3길 37, 1층 119호 (포남동, 일송아파트)"
37.75835991,128.9016603,hairdresser,뉴그린미용실,강원도 강릉시 경강로 2158-1 (옥천동)
37.76735624,128.9092964,hairdresser,김민영미용실,강원도 강릉시 남구길18번길 44 (포남동)
37.88069347,128.8264216,hairdresser,가위사랑미용실,강원도 강릉시 주문진읍 연주로 316
37.83940592,128.8765901,hairdresser,서선이헤어연구실,강원도 강릉시 사천면 진리해변길 83-1
37.76841143,128.9111552,hairdresser,우리헤어샵,강원도 강릉시 성덕포남로174번길 18 (포남동)
37.8932258,128.8276325,hairdresser,뉴준헤어,강원도 강릉시 주문진읍 항구로 55
37.7840674,128.9155108,hairdresser,헤어코리아미용실,강원도 강릉시 연당길 70 (초당동)
37.75913398,128.9008633,hairdresser,쭈니와비니,강원도 강릉시 옥천로 41 (옥천동)
37.76625422,128.8833761,hairdresser,엄쌤헤어,강원도 강릉시 가작로 78 (교동)
37.7425776,128.8939249,hairdresser,헤어팡,"강원도 강릉시 남부로125번길 8, 1층 (노암동)"
37.77062707,128.9170685,hairdresser,플러스 헤어,강원도 강릉시 하평3길 14 (포남동)
37.74265769,128.8922427,hairdresser,유정헤어,"강원도 강릉시 남부로125번길 11 (노암동,노암현대아파트 상가 101호)"
37.74498727,128.8998957,hairdresser,영숙헤어스케치,강원도 강릉시 노암등길 44 (노암동)
37.76180182,128.9161999,hairdresser,이미자 미용타운,"강원도 강릉시 성덕포남로 87, 상가동 105호 (입암동,입암주공4차아파트상가)"
37.77059955,128.9226487,hairdresser,이가자헤어비스,"강원도 강릉시 경강로 2398-10 (송정동, 이마트)"
37.74451728,128.8790951,hairdresser,아이비헤어샵,"강원도 강릉시 강변로 92, 상가동 101호 (회산동,회산주공)"
37.78037698,128.9172419,hairdresser,T=머리,강원도 강릉시 산양큰길 40-1 (포남동)
37.75332219,128.8959554,hairdresser,민헤어,강원도 강릉시 금성로42번길 5 (금학동)
37.75602805,128.9100487,hairdresser,미성헤어클럽,강원도 강릉시 용지로 52 (입암동)
37.766931,128.9044181,hairdresser,머리세상헤어,강원도 강릉시 강릉대로359번길 5-12 (포남동)
37.8504777,128.7930978,hairdresser,예쁜머리샵,강원도 강릉시 연곡면 신왕길 21-13
37.75333243,128.9073205,hairdresser,골드머리방,강원도 강릉시 강중길 24 (입암동)
37.78009526,128.9169338,hairdresser,송죽헤어샵,강원도 강릉시 산양큰길 36 (포남동)
37.77975147,128.9165316,hairdresser,샘미용실,강원도 강릉시 강릉대로527번길 15 (포남동)
37.75953412,128.8921847,hairdresser,석헤어필,"강원도 강릉시 임영로 206, 1층 (교동)"
37.7619157,128.9146973,hairdresser,현미용실,"강원도 강릉시 강변로440번길 36-4 (입암동,외1필지)"
37.75252918,128.8976057,hairdresser,멋쟁이 머리,강원도 강릉시 금성로35번길 12 (성남동)
37.77107671,128.8777212,hairdresser,김나영헤어시티,강원도 강릉시 하슬라로232번길 17-7 (교동)
37.75121992,128.9062207,hairdresser,한가비미용실,강원도 강릉시 율곡로 2736 (노암동)
37.89537501,128.8310973,hairdresser,헤어포커스,강원도 강릉시 주문진읍 주문로 149
37.76452061,128.881709,hairdresser,인스타일헤어,강원도 강릉시 원대로 109 (교동)
37.77024061,128.9047347,hairdresser,중앙미용실,강원도 강릉시 가작로 272 (포남동)
37.7607611,128.8704418,hairdresser,머리박사미용실,"강원도 강릉시 선수촌로 110, 1층 (유천동)"
37.75838703,128.8865536,hairdresser,팡팡헤어클럽,강원도 강릉시 화부산로 16 (교동)
37.75297255,128.8983736,hairdresser,롯데미용실,"강원도 강릉시 중앙시장2길 33, 1층 (성남동)"
37.75309629,128.8986663,hairdresser,행복한 미용실,강원도 강릉시 금성로23번길 12 (성남동)
37.77417134,128.9369795,hairdresser,Ciel(씨엘),강원도 강릉시 경강로 2537 (견소동)
37.77170591,128.9159725,hairdresser,아이리스헤어,강원도 강릉시 하평3길 28-1 (포남동)
37.75612825,128.9093633,hairdresser,모즈스토리(Mods Story),강원도 강릉시 용지로 55 (입암동)
37.75323625,128.8973712,hairdresser,애플그린,강원도 강릉시 금성로31번길 4 (성남동)
37.75212857,128.8984616,hairdresser,새로미 헤어아트,강원도 강릉시 금성로31번길 20 (성남동)
37.75720093,128.889289,hairdresser,순머리방,"강원도 강릉시 강릉대로 172, 1층 1호 (교동)"
37.75288596,128.8985759,hairdresser,예찬미용실,강원도 강릉시 중앙시장2길 34 (성남동)
37.7552387,128.9206014,hairdresser,토트헤어,강원도 강릉시 성덕로 316-15 (입암동)
37.76380893,128.8877183,hairdresser,안민프로헤어,강원도 강릉시 화부산로 88 (교동)
37.75269448,128.8958995,hairdresser,환이지헤어,강원도 강릉시 금성로 46-1 (금학동)
37.7552387,128.9206014,hairdresser,이안헤어클럽,"강원도 강릉시 성덕로 316-15 (입암동,대우이안상가 102호)"
37.74933476,128.8982625,hairdresser,투맨헤어,"강원도 강릉시 강변로 270 (노암동,신화아파트 2-7호)"
37.77929447,128.9172241,hairdresser,주니헤어,강원도 강릉시 강릉대로527번길 7 (포남동)
37.76113755,128.9044605,hairdresser,하기헤어(Hagi Hair),"강원도 강릉시 경강로 2197 (옥천동,1층 4호)"
37.87962348,128.8269537,hairdresser,오렌지헤어,강원도 강릉시 주문진읍 연주로 304
37.7561319,128.8833419,hairdresser,유미헤어스투디오,강원도 강릉시 원대로8번길 16-1 (교동)
37.76006572,128.9006624,hairdresser,수연미용실,"강원도 강릉시 옥천로 48 (옥천동,동부시장상가 1층 42호)"
37.74468518,128.884269,hairdresser,헤어로656,강원도 강릉시 범일로 656 (내곡동)
37.77077696,128.9125968,hairdresser,수방헤어,"강원도 강릉시 하평2길 6, 108호 (포남동, 청송아파트상가)"
37.75960492,128.9120987,hairdresser,쉬즈 헤어,"강원도 강릉시 월대산로 15 (입암동,우진상가 107호)"
37.7565116,128.8700064,hairdresser,세미헤어,강원도 강릉시 선수촌로63번길 5 (홍제동)
37.76506797,128.8918219,hairdresser,꽃단장 헤어샵,강원도 강릉시 율곡로 2940 (교동)
37.76521409,128.8922252,hairdresser,김호 증모 가발 전문샵,"강원도 강릉시 화부산로 130-1, 2층 (교동)"
37.75327997,128.8971621,hairdresser,J 헤어,강원도 강릉시 금성로 33 (성남동)
37.87942803,128.826621,hairdresser,해바라기 헤어,강원도 강릉시 주문진읍 연주로 303
37.88095201,128.8262938,hairdresser,머리마음미용실,강원도 강릉시 주문진읍 연주로 320
37.75243631,128.8939103,hairdresser,바비컷헤어,강원도 강릉시 신대학길 4 (성내동)
37.74631723,128.8875172,hairdresser,머릿결사랑,강원도 강릉시 범일로 692 (내곡동)
37.77150921,128.9164126,hairdresser,진한겸's가르마,"강원도 강릉시 하평4길 21 (포남동, 1층)"
37.75412842,128.8955765,hairdresser,가인헤어,"강원도 강릉시 경강로 2088, 2층 (임당동)"
37.8688543,128.8392609,hairdresser,카라헤어,"강원도 강릉시 연곡면 영진2길 9, 1층"
37.75566738,128.8918127,hairdresser,세신미용실,강원도 강릉시 임영로 162 (임당동)
37.78668188,128.9142542,hairdresser,컬트미용실,강원도 강릉시 초당원길 62 (초당동)
37.75983512,128.9179208,hairdresser,다온헤어,강원도 강릉시 월대산로 68 (입암동)
37.76861786,128.8787662,hairdresser,마들렌헤어,강원도 강릉시 솔올로 75 (교동)
37.77341353,128.8737756,hairdresser,티지헤어,강원도 강릉시 지변길 10 (지변동)
37.76945168,128.9114292,hairdresser,김나경헤어,강원도 강릉시 성덕포남로182번길 27 (포남동)
37.774787,128.9120944,hairdresser,은가위소리미용실,강원도 강릉시 강릉대로457번길 12-1 (포남동)
37.75975129,128.9183665,hairdresser,황스헤어(황s헤어),강원도 강릉시 입암로 157 (입암동)
37.75361868,128.8966035,hairdresser,제니스헤어,"강원도 강릉시 대학길 5 (금학동,2층)"
37.75376839,128.9077796,hairdresser,이은영헤어,강원도 강릉시 강중길 30 (입암동)
37.76170169,128.9057952,hairdresser,태후사랑,강원도 강릉시 용지각길 21 (포남동)
37.60942771,129.0357953,hairdresser,동산미용실,"강원도 강릉시 옥계면 현내시장길 69, 1층"
37.76856699,128.915216,hairdresser,머리사랑,강원도 강릉시 경강로 2323 (포남동)
37.76887579,128.9107956,hairdresser,세진뷰티,강원도 강릉시 경강로2291번길 24 (포남동)
37.86939649,128.8400801,hairdresser,안미희헤어,"강원도 강릉시 연곡면 영진3길 26-2, 2층"
37.76167256,128.9055638,hairdresser,주헤어,"강원도 강릉시 경강로 2210, 1층 (포남동)"
37.88180111,128.8259646,hairdresser,아레드머리방,"강원도 강릉시 주문진읍 신리길 1, 1층"
37.78123156,128.9177647,hairdresser,명동조희머리방,강원도 강릉시 산양큰길 52-2 (포남동)
37.76401161,128.9057744,hairdresser,여명헤어라인,강원도 강릉시 남구길11번길 6 (포남동)
37.88708485,128.8254016,hairdresser,모아미헤어갤러리,강원도 강릉시 주문진읍 주문로 35
37.74376805,128.8820914,hairdresser,유서정미용실,"강원도 강릉시 강변로114번길 16, 103호 (내곡동, 한라아파트상가)"
37.74639355,128.8908361,hairdresser,누리네미용실,강원도 강릉시 남산초교길11번길 6 (내곡동)
37.77205499,128.9156345,hairdresser,SHAIR,강원도 강릉시 하평3길 34 (포남동)
37.74658707,128.8903522,hairdresser,산호미용실,강원도 강릉시 남산초교길 7-1 (내곡동)
37.76333156,128.9077504,hairdresser,나운헤어샵,강원도 강릉시 용지각길 48 (포남동)
37.75244344,128.9116641,hairdresser,인헤어라인,"강원도 강릉시 용지로 19, 상가 110호 (입암동, 입암현대아파트)"
37.75490229,128.8924575,hairdresser,아바더클래식(AVA THE CLASSIC),강원도 강릉시 토성로 143 (임당동)
37.75327997,128.8971621,hairdresser,참머리사랑,강원도 강릉시 금성로 33 (성남동)
37.77263702,128.9156066,hairdresser,진영헤어,강원도 강릉시 하평4길 36-1 (포남동)
37.76840191,128.8824688,hairdresser,에스더헤어아트,강원도 강릉시 원대로 155 (교동)
37.75682554,128.8954646,hairdresser,다미인헤어,강원도 강릉시 토성로 177 (임당동)
37.88050832,128.8265158,hairdresser,헤어타임,강원도 강릉시 주문진읍 연주로 314-1
37.76996807,128.9140353,hairdresser,엣지헤어,"강원도 강릉시 하평길 50, 1층 (포남동)"
37.75959279,128.9002203,hairdresser,헤어아람,강원도 강릉시 동부시장길 17 (옥천동)
37.76475928,128.8744567,hairdresser,살롱에이 강릉점,강원도 강릉시 교동광장로 90 (교동)
37.75429563,128.8929701,hairdresser,믹인도쿄,강원도 강릉시 임영로140번길 9 (임당동)
37.75929769,128.9194744,hairdresser,제이하우스,강원도 강릉시 성덕포남로 45-8 (입암동)
37.76256536,128.8756573,hairdresser,블랑헤어,"강원도 강릉시 정원로 56 (교동,1층)"
37.76642154,128.9104513,hairdresser,홍소영헤어아트,강원도 강릉시 경강로 2275 (포남동)
37.77023438,128.9164993,hairdresser,프린세스헤어,"강원도 강릉시 하평길 72, 1층 (포남동)"
37.74478524,128.8963148,hairdresser,민오렌지헤어,강원도 강릉시 임영로25번길 4 (노암동)
37.76623103,128.9089,hairdresser,리아헤어,강원도 강릉시 경강로2267번길 7 (포남동)
37.76813738,128.8774589,hairdresser,더예쁘게헤어,"강원도 강릉시 하슬라로206번길 15-3, 1층 (교동)"
37.75265765,128.8903201,hairdresser,한스헤어,강원도 강릉시 명주로 26-2 (용강동)
37.75113857,128.8834798,hairdresser,헤어필크리닉,강원도 강릉시 토성로 51 (홍제동)
37.7542458,128.8968359,hairdresser,리안헤어,강원도 강릉시 신대학길 37 (금학동)
37.87519418,128.8281657,hairdresser,머리어디서했어,강원도 강릉시 주문진읍 연주로 241-7 (2주공 상가105호)
37.60787527,129.0343138,hairdresser,노엘미용실,강원도 강릉시 옥계면 현내시장길 91
37.75607268,128.8933654,hairdresser,서민정헤어,강원도 강릉시 강릉대로210번길 24 (임당동)
37.75466975,128.919937,hairdresser,최선희헤어샵,"강원도 강릉시 성덕로 328-18 (입암동,주영프라자 106호)"
37.76459133,128.9078871,hairdresser,장윤희헤어샵,강원도 강릉시 경강로2245번안길 2 (포남동)
37.76001538,128.8989467,hairdresser,승아헤어샵,강원도 강릉시 옥천로62번길 3 (옥천동)
37.75867883,128.893628,hairdresser,토탈미용실,강원도 강릉시 강릉대로211번길 3 (교동)
37.76790319,128.87813,hairdresser,카이트,강원도 강릉시 하슬라로206번길 21 (교동)
37.76434027,128.8809638,hairdresser,샤이닝헤어뷰,"강원도 강릉시 교동광장로 145 (교동,102호)"
37.82299533,128.8490355,hairdresser,정민헤어샾,강원도 강릉시 사천면 덕실길 2
37.75300471,128.8990386,hairdresser,예쁜머리,"강원도 강릉시 중앙시장2길 38, 1층 (성남동)"
37.74597058,128.8970023,hairdresser,유헤어라인,강원도 강릉시 임영로 40 (노암동)
37.75355864,128.8961751,hairdresser,나후앤헤어,강원도 강릉시 신대학길 28 (금학동)
37.77242826,128.9152654,hairdresser,델리스헤어,"강원도 강릉시 하평3길 38-1, 1층 (포남동)"
37.76143356,128.917368,hairdresser,주헤어페이스,강원도 강릉시 성덕포남로 78 (입암동)
37.88739823,128.825409,hairdresser,와와헤어,강원도 강릉시 주문진읍 주문로 39
37.77389119,128.9394209,hairdresser,헤어아멘다,"강원도 강릉시 경강로2539번길 8, 상가동 204호 (견소동,한신)"
37.75977343,128.9195293,hairdresser,프로헤어크리닉,강원도 강릉시 성덕포남로 52 (입암동)
37.75866061,128.9201161,hairdresser,아원헤어샵,강원도 강릉시 성덕포남로 37 (입암동)
37.74881181,128.9092019,hairdresser,하토르헤어,"강원도 강릉시 입암로29번길 11, 102호 (입암동, 더샵상가동)"
37.7586338,128.881984,hairdresser,곽경아헤어,강원도 강릉시 원대로 46 (교동)
37.77022169,128.9115921,hairdresser,유앤아이헤어,강원도 강릉시 하평길 28 (포남동)
37.75089546,128.8841876,hairdresser,헤어메리엘,강원도 강릉시 토성로 57 (홍제동)
37.75362721,128.8996187,hairdresser,헤어에뜨왈,강원도 강릉시 금성로13번길 12-1 (성남동)
37.75568969,128.8986517,hairdresser,라피네 토탈뷰티 살롱,"강원도 강릉시 경강로 2120 (옥천동,외 2필지 씨네몰빌딩 637호)"
37.76467636,128.8913907,hairdresser,모아美헤어갤러리,"강원도 강릉시 율곡로 2935-1 (교동,1층)"
37.76436813,128.9046232,hairdresser,주은헤어,강원도 강릉시 남구길23번길 9 (포남동)
37.75287781,128.8970521,hairdresser,박채연헤어샵,"강원도 강릉시 중앙시장길 3, 1층 (성남동)"
37.75440553,128.8910572,hairdresser,레드폭스미용샵,강원도 강릉시 토성로 131 (용강동)
37.76194086,128.8762303,hairdresser,윤헤어아티스트,강원도 강릉시 정원로 53-9 (교동)
37.76563157,128.891253,hairdresser,JD헤어,강원도 강릉시 율곡로 2945 (교동)
37.75772199,128.8939395,hairdresser,애니헤어,강원도 강릉시 강릉대로194번길 17-1 (임당동)
37.74487869,128.9045121,hairdresser,A-줌마헤어,"강원도 강릉시 노가니남길 25 (노암동,노암주공아파트상가)"
37.75418098,128.8966876,hairdresser,엘헤어(L헤어),"강원도 강릉시 신대학길 35-2 (금학동,3층)"
37.76830559,128.9146884,hairdresser,조은머릿결,강원도 강릉시 경강로 2319 (포남동)
37.75433892,128.8917163,hairdresser,헤어쇼핑,강원도 강릉시 임영로 147 (용강동)
37.76569493,128.8700048,hairdresser,헤라미용실,강원도 강릉시 죽헌길 7 (지변동)
37.75472856,128.8958115,hairdresser,이시은헤어갤러리,"강원도 강릉시 경강로 2093, 3층 (임당동)"
37.8698386,128.8403753,hairdresser,김민헤어뷰,"강원도 강릉시 연곡면 영진3길 15, 상가동 101호 (연곡부영사랑으로3단지아파트)"
37.89221555,128.8274674,hairdresser,이미경헤어아트,강원도 강릉시 주문진읍 시장길 49-2
37.7710147,128.908436,hairdresser,미수헤어,강원도 강릉시 가작로 305 (포남동)
37.75870378,128.8985143,hairdresser,미올헤어,강원도 강릉시 옥천로61번길 12 (옥천동)
37.77147458,128.8784803,hairdresser,커트엔컬러,"강원도 강릉시 경포로 38 (교동, 1층)"
37.76673998,128.9110958,hairdresser,아뉴스헤어작,강원도 강릉시 경강로 2281 (포남동)
37.75373401,128.9002247,hairdresser,한지효헤어샵,강원도 강릉시 금성로11번길 15 (성남동)
37.75636056,128.8981873,hairdresser,란헤어샵,"강원도 강릉시 경강로2119번길 2, 1층 (옥천동)"
37.7718983,128.9157914,hairdresser,사라헤어스타일리스트곽지현,강원도 강릉시 하평3길 32 (포남동)
37.77079683,128.8789008,hairdresser,파마쟁이,강원도 강릉시 솔올로 99 (교동)
37.74517382,128.882075,hairdresser,지원겸 헤어#,강원도 강릉시 강변로 120 (내곡동)
37.74381543,128.8932143,hairdresser,민앤진헤어,강원도 강릉시 남부로125번길 24 (노암동)
37.76370043,128.8748585,hairdresser,미샵헤어아트,"강원도 강릉시 하슬라로 156 (교동,2층)"
37.76709609,128.9133927,hairdresser,휘헤어,"강원도 강릉시 경강로2302번길 3, 1층 2호 (포남동)"
37.75587727,128.8843987,hairdresser,해피베베메이크업&비단비,"강원도 강릉시 강릉대로 122, 1층 101호 (교동)"
37.77035791,128.9166807,hairdresser,이지헤어샵,강원도 강릉시 하평길 74 (포남동)
37.88163811,128.8260193,hairdresser,장윤정머리사랑,강원도 강릉시 주문진읍 신리길 2
37.75807512,128.9216046,hairdresser,끼헤어,"강원도 강릉시 성덕포남로 24 (입암동,외 1필지)"
37.75292853,128.8988248,hairdresser,뉴중앙미용실,"강원도 강릉시 금성로23번길 14, 2층 (성남동)"
37.76073305,128.8744167,hairdresser,머리쟁이,"강원도 강릉시 하슬라로 124-8, 부영3차아파트상가동 102호 (교동)"
37.75599608,128.8936696,hairdresser,이현헤어,강원도 강릉시 강릉대로210번길 25 (임당동)
37.76692178,128.8783691,hairdresser,코코네일,"강원도 강릉시 솔올로 57, 102호 (교동)"
37.76996212,128.8943517,hairdresser,이편한헤어,"강원도 강릉시 가작로 173, 1층 (교동)"
37.75357208,128.8946227,hairdresser,김민헤어,"강원도 강릉시 경강로 2076-1, 2층 (임당동)"
37.75214525,128.8940003,hairdresser,뷰티바이박현주,강원도 강릉시 임영로116번길 1 (성내동)
37.75466975,128.919937,hairdresser,청담헤어라인,"강원도 강릉시 성덕로 328-18, 103호 (입암동, 주영프라자)"
37.76006572,128.9006624,hairdresser,은빛미용실동부시장점,"강원도 강릉시 옥천로 48, 2층 217호 (옥천동, 동부시장)"
37.75486753,128.8916101,hairdresser,순수사임당염색전문점,강원도 강릉시 임영로 153-2 (용강동)
37.76219388,128.87454,hairdresser,단발머리,"강원도 강릉시 정원로 53-4, 상가동 104호 (교동, 교동부영3단지아파트)"
37.75297558,128.8936957,hairdresser,깍새,"강원도 강릉시 경강로 2066, 2층 (성내동)"
37.75192824,128.8972249,hairdresser,샴푸헤어,"강원도 강릉시 금성로45번길 16, 2층 (성남동)"
37.77357614,128.9113088,hairdresser,홍헤어,강원도 강릉시 강릉대로443번길 9 (포남동)
37.78345402,128.9168566,hairdresser,지아헤어,강원도 강릉시 초당원길 17 (초당동)
37.75781466,128.8687299,hairdresser,이미진헤어,"강원도 강릉시 선수촌로 79-15, 2층 204호 (홍제동)"
37.77226437,128.9090792,hairdresser,헤어펠리스,강원도 강릉시 강릉대로419번길 13 (포남동)
37.75472059,128.8916557,hairdresser,문시윤헤어톡,"강원도 강릉시 임영로 151, 1층 (용강동)"
37.7530951,128.8979408,hairdresser,은빛미용실중앙시장점,강원도 강릉시 중앙시장1길 3 (성남동)
37.76899533,128.8582162,hairdresser,앨리스,강원도 강릉시 유죽길 111-10 (유천동)
37.76676898,128.8897871,hairdresser,헤어아르떼,강원도 강릉시 화부산로111번길 24 (교동)
37.8888385,128.8256108,hairdresser,아름다운사람들머리염색전문점,강원도 강릉시 주문진읍 주문로 55
37.759433,128.8994092,hairdresser,머리염색체험방2호점,강원도 강릉시 옥가로 33 (옥천동)
37.75240732,128.8973023,hairdresser,보견헤어,강원도 강릉시 중앙시장2길 20 (성남동)
37.75931344,128.9202827,hairdresser,힐링헤어,강원도 강릉시 성덕포남로 42 (입암동)
37.75331694,128.8957498,hairdresser,구레나룻헤어샵,"강원도 강릉시 신대학길 24, 2층 (금학동)"
37.75339153,128.8958844,hairdresser,헤어퀸,강원도 강릉시 신대학길 26 (금학동)
37.76157544,128.9142273,hairdresser,쥬쥬헤어,강원도 강릉시 강변로440번길 30 (입암동)
37.76284794,128.8793206,hairdresser,손희선뷰티헤어샵,강원도 강릉시 교동광장로 138-14 (교동)
37.75318979,128.8955846,hairdresser,김영헤어아트,강원도 강릉시 신대학길 22 (금학동)
37.74644411,128.9020177,hairdresser,혜민헤어아트,강원도 강릉시 노암길42번길 15 (노암동)
37.75785956,128.8907027,hairdresser,다올헤어,강원도 강릉시 강릉대로 181-2 (교동)
37.88733829,128.8243539,hairdresser,샤넬머리방,강원도 강릉시 주문진읍 연주로 396 (2층)
37.7456604,128.8904966,hairdresser,모두헤어,"강원도 강릉시 남산초교길 18 (내곡동, 1층)"
37.77106686,128.916609,hairdresser,지니헤어,"강원도 강릉시 하평3길 20 (포남동, 1층)"
37.74422855,128.8914704,hairdresser,홍대앞헤어&스킨,"강원도 강릉시 남부로125번길 39, 105호 (내곡동, 남산삼익아파트)"
37.76533924,128.8906922,hairdresser,꾼,강원도 강릉시 화부산로119번길 3 (교동)
37.75745665,128.8992974,hairdresser,마스카라,"강원도 강릉시 옥가로 12-3, 2층 (옥천동)"
37.75513646,128.9004971,hairdresser,착한미용실,강원도 강릉시 율곡로 2804
37.76213727,128.9012057,hairdresser,215헤어,"강원도 강릉시 동부시장길 45, 1층 (옥천동)"
37.76189428,128.8733777,hairdresser,샾헤어(#헤어),"강원도 강릉시 하슬라로 133, 1층 (교동)"
37.75543763,128.9200972,hairdresser,엘사헤어,"강원도 강릉시 성덕로 316-17, B동 1층 103호 (입암동)"
37.77031079,128.8785757,hairdresser,리샵헤어(Lee Shop 헤어),강원도 강릉시 하슬라로232번길 24 (교동)
37.76965138,128.9125624,hairdresser,더행복헤어,"강원도 강릉시 성덕포남로182번길 38, 1층 (포남동)"
37.75439828,128.911086,hairdresser,김선영컬앤칼라,"강원도 강릉시 용지로 31, 1층 (입암동)"
37.75609157,128.8976893,hairdresser,뷰티플러스샵,"강원도 강릉시 경강로2115번길 3, 2층 (임당동)"
37.75934873,128.9200516,hairdresser,써니헤어,"강원도 강릉시 성덕포남로 46, 1층 (입암동)"
37.76822646,128.8824612,hairdresser,뮤즈헤어,"강원도 강릉시 원대로 153, 1층 (교동)"
37.75213337,128.9038753,hairdresser,미지샵헤어,"강원도 강릉시 강변로 328-8, 상가동 102호 (노암동, 양우내안애아파트)"
37.74226129,128.8937806,hairdresser,연우헤어,"강원도 강릉시 남부로125번길 5, 노암3차한라아파트 상가 101호 (노암동)"
37.75961266,128.9189633,hairdresser,쭌헤어스토리,강원도 강릉시 성덕포남로 53 (입암동)
37.75566738,128.8918127,hairdresser,서연헤어,"강원도 강릉시 임영로 162, 1층 (임당동)"
37.73973688,128.8783017,hairdresser,카리스헤어,강원도 강릉시 관대길 21 (내곡동)
37.77286942,128.9148152,hairdresser,강릉미용실 태후사랑,강원도 강릉시 하평3길 44-1 (포남동)
37.75389258,128.9212589,hairdresser,뮤즈헤어시티,"강원도 강릉시 성덕로 326, 1층 (입암동)"
37.76505922,128.8634582,hairdresser,닥터빈헤어,"강원도 강릉시 사임당로 212-27, 천동 1층 (유천동)"
37.73788547,128.8725393,hairdresser,제이원헤어,"강원도 강릉시 관솔길 59, 1층 (회산동)"
37.7513573,128.8831692,hairdresser,이진헤어,"강원도 강릉시 새냉이길27번길 13-5, 1층 (홍제동)"
37.88554137,128.8254189,hairdresser,예랑,"강원도 강릉시 주문진읍 주문로 18, 1층"
37.75439999,128.9193813,hairdresser,오드리헤어,"강원도 강릉시 성덕로 328-15, 120동 102호 (입암동)"
37.75954149,128.8700445,hairdresser,살롱드크레쎄(SALON de CRECE),"강원도 강릉시 선수촌로 93, 천동 105호 유(유천동, 강릉유천한내들더퍼스트상가)"
37.75452835,128.8904154,hairdresser,남자커트준헤어미용실,"강원도 강릉시 토성로123번길 6, 1층 (용강동)"
37.77398588,128.9106954,hairdresser,김가은프로헤어,"강원도 강릉시 보래미길 49, 1층 (포남동)"
37.78017022,128.9160027,hairdresser,제이스헤어,"강원도 강릉시 강릉대로527번길 21, 1층 (포남동)"
37.75397423,128.9011372,hairdresser,긴 짤 헤어,"강원도 강릉시 율곡로 2789, 1층 (성남동)"
37.75716945,128.9211935,hairdresser,김성애헤어스토리,"강원도 강릉시 성덕포남로 21-7, 1층 102호 (입암동)"
37.82313054,128.8498217,hairdresser,오라헬미용실,"강원도 강릉시 사천면 본동길 6, 1층"
37.89500333,128.8307554,hairdresser,헤어코코,"강원도 강릉시 주문진읍 주문로 146, 1층"
37.7494176,128.9015827,hairdresser,태후사랑염색,"강원도 강릉시 연화봉길 32, 1층 (노암동)"
37.77452686,128.9124928,hairdresser,킴스헤어,"강원도 강릉시 보래미하길 59, 1층 (포남동)"
37.74509184,128.8969055,hairdresser,연헤어샵,강원도 강릉시 임영로 30-1 (노암동)
37.75553234,128.9100143,hairdresser,뉴고은머리,강원도 강릉시 용지로 47 (입암동)
37.75491392,128.9173785,hairdresser,백현스타일,강원도 강릉시 입암로148번길 54 (입암동)
37.75293159,128.895821,hairdresser,어반트렌디헤어,강원도 강릉시 신대학길 22-8 (금학동)
37.76263499,128.87624,hairdresser,컬러샵,"강원도 강릉시 솔올로5번길 9, 1층 (교동)"
37.75612381,128.9112264,hairdresser,머릿결사랑입암동점,"강원도 강릉시 강변로410번길 32, 1층 (입암동)"
37.74767932,128.8954956,hairdresser,오땡큐머리염색전문점,강원도 강릉시 안땔길 2 (노암동)
37.76626003,128.9101954,hairdresser,아르떼헤어살롱,강원도 강릉시 경강로 2273 (포남동)
37.75833729,128.8923681,hairdresser,헤어랑스파,"강원도 강릉시 강릉대로 199, 2층 (교동)"
37.77017652,128.9123439,hairdresser,끼앤끼헤어,"강원도 강릉시 하평길 34, 2층 (포남동)"
37.77306345,128.9146164,hairdresser,뽀글이헤어,강원도 강릉시 하평3길 48 (포남동)
37.77170505,128.9171164,hairdresser,임스헤어(임's Hair),강원도 강릉시 하평5길 20-1 (포남동)
37.88775352,128.8263841,hairdresser,헤어톡,강원도 강릉시 주문진읍 장성로 56
37.74205614,128.8814055,hairdresser,원앤샵(One An Shop),강원도 강릉시 남부로17번길 23 (내곡동)
37.76824685,128.9087547,hairdresser,루디아헤어,강원도 강릉시 성덕포남로 184 (포남동)
37.76503574,128.8766531,hairdresser,플랜에이치(Plan H),강원도 강릉시 교동광장로 107 (교동)
37.76510566,128.8811369,hairdresser,심스살롱(SIMS),강원도 강릉시 율곡초교길39번길 24 (교동)
37.75681683,128.8936029,hairdresser,햅시바,강원도 강릉시 임영로176번길 17 (임당동)
37.76312837,128.9153651,hairdresser,손헤어,강원도 강릉시 성덕포남로 104 (입암동)
37.75522418,128.9006047,hairdresser,다모아헤어,강원도 강릉시 수문길19번길 22-3 (옥천동)
37.7677512,128.8766385,hairdresser,라비헤어,"강원도 강릉시 하슬라로206번길 8-3, 1층 (교동)"
37.74882679,128.9103392,hairdresser,가원헤어,강원도 강릉시 율곡로2692번길 14 (입암동)
37.75293159,128.895821,hairdresser,다인헤어,강원도 강릉시 신대학길 22-8 (금학동)
37.75952284,128.9180237,hairdresser,모모살롱,강원도 강릉시 입암로 153 (입암동)
37.77015133,128.8771466,hairdresser,더끌림헤어(The끌림헤어),강원도 강릉시 하슬라로232번길 14-4 (교동)
37.76904088,128.9146367,hairdresser,슈아김헤어,강원도 강릉시 경강로2323번길 7-1 (포남동)
37.75516798,128.8994978,hairdresser,해피뉴헤어,강원도 강릉시 금성로 6 (옥천동)
37.75402359,128.8986233,hairdresser,유나미용실,"강원도 강릉시 금성로 21, 184호 (성남동)"
37.73903371,128.8660528,hairdresser,영헤어샵,"강원도 강릉시 회산로 344, 1층 104호 (회산동, 서희스타힐스상가)"
37.75780496,128.8683702,hairdresser,엘리스헤어,강원도 강릉시 선수촌로63번길 18-15 (홍제동)
37.75535754,128.8942535,hairdresser,정살롱,강원도 강릉시 문화의길 16 (임당동)
37.75781466,128.8687299,hairdresser,디엠헤어,강원도 강릉시 선수촌로 79-15 (홍제동)
37.75781466,128.8687299,hairdresser,DO DO 헤어,강원도 강릉시 선수촌로 79-15 (홍제동)
37.76781098,128.9055353,hairdresser,무지개염색방,강원도 강릉시 강릉대로359번길 6-1 (포남동)
37.75706122,128.8688077,hairdresser,헤어노바,강원도 강릉시 선수촌로63번길 14-7 (홍제동)
37.75650007,128.8953801,hairdresser,Chae-i hair,"강원도 강릉시 토성로 176, 1층 (임당동)"
37.88525955,128.82509,hairdresser,헤어콤마,강원도 강릉시 주문진읍 주문로 15
37.75295487,128.8971613,hairdresser,초이스헤어,강원도 강릉시 금성로35번길 6 (성남동)
37.75326473,128.8948513,hairdresser,스타일리스트 클럽 더헤어,강원도 강릉시 신대학길 17 (금학동)
37.74754692,128.9014314,hairdresser,버르장머리 헤어샵,강원도 강릉시 노가니길 32 (노암동)
37.75238029,128.8964969,hairdresser,긴머리 짧은머리,강원도 강릉시 중앙시장2길 13 (성남동)
37.76192239,128.9060463,hairdresser,김주은헤어아트,강원도 강릉시 용지각길 25 (포남동)
37.74288371,128.8965349,hairdresser,살롱드 라라,강원도 강릉시 남부로 147 (노암동)
37.76360486,128.9077231,hairdresser,심윤재헤어,강원도 강릉시 경강로 2238 (포남동)
37.76695394,128.8790752,hairdresser,이재경헤어,"강원도 강릉시 율곡초교길 25, 1층 (교동)"
37.74362617,128.8992761,hairdresser,린꼰(Rin Co'n),"강원도 강릉시 노암등길54번길 11, 1층 (노암동)"
37.76858317,128.9120297,hairdresser,태후사랑(포남청송점),강원도 강릉시 경강로2301번길 15 (포남동)
37.88362862,128.82467,hairdresser,란헤어,강원도 강릉시 주문진읍 신리천로 59
37.76792655,128.8752953,hairdresser,리즈헤어,강원도 강릉시 하슬라로 201-1 (교동)
37.75326996,128.8941621,hairdresser,M헤어살롱,"강원도 강릉시 경강로 2072, 2층 (임당동)"
37.76812923,128.9127126,hairdresser,와쥬헤어샵,"강원도 강릉시 경강로2301번길 8, 103호 (포남동)"
37.76312979,128.8798587,hairdresser,탑헤어,"강원도 강릉시 교동광장로 138-13, 교동 2차 현대아파트 상가동 104호 (교동)"
37.75704286,128.8686588,hairdresser,이희원헤어,강원도 강릉시 선수촌로63번길 18-8 (홍제동)
37.77433535,128.9289059,hairdresser,살롱드 제이 헤어,강원도 강릉시 경강로2408번길 66 (송정동)
37.75232188,128.894842,hairdresser,살롱드 샤르망,"강원도 강릉시 금성로56번길 5, 1층 (금학동)"
37.73908536,128.864099,hairdresser,에츠헤어살롱,"강원도 강릉시 회산로339번길 11, 1층 (회산동)"
37.75686889,128.8706924,hairdresser,아델헤어,"강원도 강릉시 선수촌로 64-3, 1층 107호 (홍제동)"
37.75428036,128.8969716,hairdresser,어썸헤어,"강원도 강릉시 신대학길 39, 2층 (금학동)"
37.74308737,128.8776026,hairdresser,헤어살롱H,강원도 강릉시 강변로 74-11 (회산동)
37.75710968,128.8694496,hairdresser,엘미강헤어 유천점,"강원도 강릉시 선수촌로63번길 14-8, 2층 (홍제동)"
37.75637149,128.8933481,hairdresser,미소,"강원도 강릉시 강릉대로210번길 20, 1층 (임당동)"
37.76432965,128.8771002,hairdresser,더로렌,"강원도 강릉시 교동광장로 114, 2층 (교동)"
37.88376351,128.8256148,hairdresser,굳헤어(good hair),강원도 강릉시 주문진읍 신리천로 49
37.75565455,128.8999546,hairdresser,호감,강원도 강릉시 율곡로 2810 (옥천동)
37.75753249,128.8700145,hairdresser,더스타일,강원도 강릉시 선수촌로 73 (홍제동)
37.75490965,128.8995906,hairdresser,이나헤어,강원도 강릉시 금성로 5 (성남동)
37.76202332,128.8704048,hairdresser,러블리헤어,강원도 강릉시 선수촌로 124 (유천동)
37.76084479,128.8893316,hairdresser,윤이나 미장원,"강원도 강릉시 화부산로40번길 29, 106호 (교동, 풍림아이원아파트)"
37.77717337,128.915263,hairdresser,올멋,강원도 강릉시 산양길 8-1 (포남동)
37.75404149,128.8844742,hairdresser,나인헤어,"강원도 강릉시 홍제로 72, 2층 (홍제동)"
37.76943298,128.9128702,hairdresser,오로라헤어,"강원도 강릉시 성덕포남로174번길 35-1, 1층 (포남동)"
37.88000599,128.8263145,hairdresser,김철순헤어CAFE,"강원도 강릉시 주문진읍 연주로 309, 1층"
37.85901064,128.8361023,hairdresser,헤어클릭,"강원도 강릉시 연곡면 진고개로 2716, 1층"
37.7534554,128.8980101,hairdresser,황실헤어클럽,강원도 강릉시 중앙시장길 13-1 (성남동)
37.77344129,128.8897203,hairdresser,박미주헤어,"강원도 강릉시 율곡로 3040, 1동 2호 (교동)"
37.75555334,128.9105413,hairdresser,하나 헤어,"강원도 강릉시 용지로 44, 1층 (입암동)"
37.76231438,128.8730303,hairdresser,태후사랑 교동점,"강원도 강릉시 정원로 77-5, 1층 (교동)"
37.76282603,128.8737515,hairdresser,이레하우스,"강원도 강릉시 하슬라로 143, 102호 (교동)"
37.75463515,128.8973446,hairdresser,모노헤어,"강원도 강릉시 금성로22번길 9, 1층 (금학동)"
37.75602156,128.8977463,hairdresser,태후사랑 임당점,"강원도 강릉시 경강로2115번길 1, 1층 (임당동)"
37.76377458,128.8871574,hairdresser,행복한 머리,"강원도 강릉시 화부산로 83, 1층 (교동)"
37.75241078,128.8990561,hairdresser,킴헤어,"강원도 강릉시 중앙시장4길 11-1, 1층 (성남동)"
37.75393879,128.8833927,hairdresser,르그레이헤어,"강원도 강릉시 강릉대로106번길 16, 1층 (홍제동)"
37.77563379,128.938467,hairdresser,메르헤어,"강원도 강릉시 경강로2539번길 22, 상가동 206호 (견소동, 송정해변신도브래뉴아파트)"
37.75778717,128.8680491,hairdresser,살롱 이노,"강원도 강릉시 선수촌로 79-19, 103호 (홍제동)"
37.75455925,128.9003991,hairdresser,보스헤어,강원도 강릉시 금성로5번길 9 (성남동)
37.76393603,128.8775547,hairdresser,이반헤어,"강원도 강릉시 솔올로5번길 55, 1층 5호 (교동)"
37.7638708,128.8741665,hairdresser,메이크 어 플로우(Make a flow),"강원도 강릉시 하슬라로 155, 1층 (교동)"
37.75783035,128.8937438,hairdresser,이경헤어,"강원도 강릉시 강릉대로210번길 5-3, 1층 (임당동)"
37.74204175,128.8822443,hairdresser,살롱바이제제,"강원도 강릉시 남부로17번길 26, 1층 (내곡동)"
37.74376805,128.8820914,hairdresser,Tina헤어,"강원도 강릉시 강변로114번길 16, 한라아파트 상가동 202호 (내곡동)"
37.88242261,128.8280466,hairdresser,하니20000,"강원도 강릉시 주문진읍 신리길 21, 1층"
37.77010749,128.9175817,hairdresser,준호헤어,"강원도 강릉시 하평3길 6, 1층 (포남동)"
37.75817668,128.8866724,hairdresser,오땡큐강릉점,"강원도 강릉시 화부산로 12-3, 1층 (교동)"
37.77519806,128.9373056,hairdresser,헤어살롱 더하다,"강원도 강릉시 경강로2533번길 16, 1층 (송정동)"
37.77497879,128.935399,hairdresser,인헤어 살롱,"강원도 강릉시 경강로 2511, 상가동 103호 (송정동, 강릉아이파크아파트)"
37.75709856,128.8706949,hairdresser,스타일리스트클럽 더헤어 강릉유천점,"강원도 강릉시 선수촌로 70, 2층 201호 (홍제동)"
37.76909392,128.909843,hairdresser,터프가위,"강원도 강릉시 성덕포남로188번길 16, 1층 (포남동)"
37.75417627,128.9168725,hairdresser,신비헤어,"강원도 강릉시 입암로148번길 62, 1층 101호 (입암동)"
37.77088052,128.9168058,hairdresser,청춘살롱,"강원도 강릉시 하평3길 16-1, 1층 (포남동)"
37.75340511,128.8975364,hairdresser,연선미용실,"강원도 강릉시 금성로31번길 3, 1층 (성남동)"
37.75258866,128.893618,hairdresser,이끌림헤어,"강원도 강릉시 임영로 122, 1층 (성내동)"
37.76011917,128.9182519,hairdresser,입암머리염색전문샵,"강원도 강릉시 월대산로 71, 1층 (입암동)"
37.7731087,128.9329224,hairdresser,헤어살롱도도,"강원도 강릉시 경강로 2498, 강릉 송정 신원아침도시 1층 104호 (송정동)"
37.76972937,128.8785429,hairdresser,써리얼헤어,"강원도 강릉시 하슬라로232번길 26-10, 1층 (교동)"
37.77139526,128.917398,hairdresser,미선헤어방,강원도 강릉시 하평5길 16-1 (포남동)
37.76974338,128.9141086,hairdresser,서아에스테틱(Seo A aesthetic),"강원도 강릉시 경강로2323번길 17, 2층 (포남동)"
37.74736702,128.8971061,hairdresser,노암헤어,"강원도 강릉시 임영로 56, 1층 (노암동)"
37.75779459,128.8677402,hairdresser,이루다헤어,"강원도 강릉시 선수촌로 79-21, 1층 (홍제동)"
37.75775183,128.8669542,hairdresser,헤어예작,"강원도 강릉시 선수촌로 79-29, 골드팰리스 1층 102호 (홍제동)"
37.74167518,128.868689,hairdresser,조앤헤어(Jo&Hair),강원도 강릉시 회산로383번길 1 (회산동)
37.76460433,128.8792183,hairdresser,헤어인 하슬라,"강원도 강릉시 교동광장로 129, 104호 (교동)"
37.77325524,128.911527,hairdresser,"헤이유헤어(Hey, U Hair)","강원도 강릉시 보래미하길 46, 1층 (포남동)"
37.76388331,128.9074228,hairdresser,한독피부미용실,강원도 강릉시 경강로 2237-1 (포남동)
37.789415,128.8729995,hairdresser,최정운스킨&바디,강원도 강릉시 운정길11번길 86-21 (난곡동)
37.76783726,128.876846,hairdresser,순뷰티클럽,강원도 강릉시 하슬라로206번길 10 (교동)
37.77389119,128.9394209,hairdresser,뽀얀나,"강원도 강릉시 경강로2539번길 8, 상가동 202호 (견소동, 송정한신아파트)"
37.75986101,128.900302,hairdresser,이윤실에스테틱,"강원도 강릉시 동부시장길 21 (옥천동, 2층)"
37.75145818,128.8955459,hairdresser,이효원스킨25,"강원도 강릉시 금성로61번길 7, 4층 (성남동)"
37.77292842,128.915547,hairdresser,아름다운 피부,강원도 강릉시 하평5길 39 (포남동)
37.7674487,128.8918788,hairdresser,뷰티아띠랑스,강원도 강릉시 율곡로2968번길 4 (교동)
37.7590639,128.9203879,hairdresser,피부천사,"강원도 강릉시 성덕포남로 40 (입암동,2층)"
37.75975129,128.9183665,hairdresser,수에스테틱,"강원도 강릉시 입암로 157 (입암동,(201호))"
37.76381448,128.8733237,hairdresser,남혜진피부사랑,강원도 강릉시 정원로 78-15 (교동)
37.76069422,128.9195656,hairdresser,강릉뷰티힐링센터,"강원도 강릉시 월대산로 85-10, 2층 (입암동)"
37.77010749,128.9175817,hairdresser,고은에스테틱,강원도 강릉시 하평3길 6 (포남동)
37.7552387,128.9206014,hairdresser,e-쁘다에스테틱,"강원도 강릉시 성덕로 316-15 (입암동,이안상가 207호)"
37.75827378,128.8814961,hairdresser,아낙스킨케어,강원도 강릉시 원대로 39 (교동)
37.7540292,128.9202443,hairdresser,우담비스킨,강원도 강릉시 성덕로 328-9 (입암동)
37.7843151,128.916432,hairdresser,피부사랑,강원도 강릉시 초당원길 27 (초당동)
37.77009879,128.9136185,hairdresser,라라샵,"강원도 강릉시 하평길 46, 3층 (포남동)"
37.74818636,128.8970603,hairdresser,자연,강원도 강릉시 임영로 64 (노암동)
37.77179176,128.9143988,hairdresser,벨팜피부관리실,강원도 강릉시 하평3길 37 (포남동)
37.77031325,128.9066704,hairdresser,더스킨,강원도 강릉시 가작로 288 (포남동)
37.77179176,128.9143988,hairdresser,스킨스토리,"강원도 강릉시 하평3길 37 (포남동,일송상가 120호)"
37.8948954,128.8295511,hairdresser,비타민스킨케어,"강원도 강릉시 주문진읍 주문로 135, 1층"
37.770331,128.8781157,hairdresser,퀸스킨&왁싱,강원도 강릉시 하슬라로232번길 22 (교동)
37.76882262,128.9036357,hairdresser,포남화장품피부관리,"강원도 강릉시 가작로274번길 23-1, 1층 (포남동)"
37.75509423,128.8907988,hairdresser,예쁜피부,"강원도 강릉시 임영로155번길 6 (용강동,(서부시장 62호,64호))"
37.76443683,128.9040792,hairdresser,로뎀뷰티샵,강원도 강릉시 경강로2223번길 27 (포남동)
37.75594247,128.9005623,hairdresser,온리유바디앤스킨,"강원도 강릉시 옥천로19번길 30, 2층 (옥천동)"
37.75688096,128.8973434,hairdresser,페이스샵,"강원도 강릉시 경강로2119번길 11, 2층 (옥천동)"
37.75619993,128.894432,hairdresser,피부미인,"강원도 강릉시 강릉대로218번길 26, 1층 (임당동)"
37.76719197,128.9117156,hairdresser,다밀스킨케어,강원도 강릉시 경강로2291번길 1 (포남동)
37.89001745,128.8260563,hairdresser,스킨앤바디,"강원도 강릉시 주문진읍 주문로 68-1, 3층"
37.75433029,128.8905869,hairdresser,미사랑뷰티클럽,"강원도 강릉시 토성로 125-1 (용강동,2층)"
37.75201794,128.8849913,hairdresser,란피부관리,강원도 강릉시 새냉이길 12 (홍제동)
37.75602647,128.8929049,hairdresser,아미리스피부관리실,강원도 강릉시 임영로164번길 11 (임당동)
37.75204693,128.8938678,hairdresser,건강테라피,"강원도 강릉시 임영로 116 (성내동,2층)"
37.76684222,128.9113459,hairdresser,소나무(PINE)피부관리,강원도 강릉시 경강로 2285 (포남동)
37.7688154,128.8787727,hairdresser,신기건강샾,"강원도 강릉시 솔올로 77 (교동,2층)"
37.75519955,128.895843,hairdresser,단미에스테틱,강원도 강릉시 경강로2095번길 6 (임당동)
37.75627596,128.8951829,hairdresser,보영에스테틱,강원도 강릉시 경강로2103번길 17-3 (임당동)
37.76964296,128.8958015,hairdresser,플러스미스킨케어,강원도 강릉시 가작로 186 (교동)
37.7623778,128.8727805,hairdresser,스킨하우스,강원도 강릉시 정원로 77-6 (교동)
37.75412842,128.8955765,hairdresser,뽀얀피부관리실,강원도 강릉시 경강로 2088 (임당동)
37.76996212,128.8943517,hairdresser,이스킨케어(e' 스킨케어),강원도 강릉시 가작로 173 (교동)
37.80706005,128.9044734,hairdresser,쌍떼엠스파,"강원도 강릉시 해안로 536, 리셉션동 지하1층 (안현동)"
37.7679408,128.8762104,hairdresser,힐링에스테틱앤스파,강원도 강릉시 하슬라로206번길 4 (교동)
37.754232,128.8941656,hairdresser,미다인,강원도 강릉시 문화의길7번길 7 (임당동)
37.76917926,128.8763022,hairdresser,김수정뷰티어겐,강원도 강릉시 가작로 6 (교동)
37.74654258,128.9027646,hairdresser,아로마터치,"강원도 강릉시 노가니길 48-1, 1층 (노암동)"
37.75515453,128.8799999,hairdresser,모리아웰빙테라피,강원도 강릉시 하슬라로 18 (홍제동)
37.77059955,128.9226487,hairdresser,아미아강릉점,"강원도 강릉시 경강로 2398-10, 2층 (송정동, 이마트)"
37.75931344,128.9202827,hairdresser,영스킨앤바디,"강원도 강릉시 성덕포남로 42, 2층 (입암동)"
37.75244344,128.9116641,hairdresser,라인뉴스킨피부샵,"강원도 강릉시 용지로 19, 상가동 205호 (입암동, 입암현대아파트)"
37.76912763,128.901528,hairdresser,안다미로피부관리실,"강원도 강릉시 가작로252번길 20, 1층 (교동)"
37.88989464,128.8260172,hairdresser,햅번샵,"강원도 강릉시 주문진읍 주문로 68, 1층"
37.77179176,128.9143988,hairdresser,유앤수스킨케어,강원도 강릉시 하평3길 37 (포남동)
37.76252565,128.8726548,hairdresser,타라힐,"강원도 강릉시 정원로 83-3, 1층 101호 (교동)"
37.74327637,128.8937747,hairdresser,라임피부관리,"강원도 강릉시 남부로125번길 16, 2층 (노암동)"
37.79720001,128.9150752,hairdresser,씨마크호텔리프레쉬,"강원도 강릉시 해안로406번길 2, 지하1층 (강문동)"
37.77056648,128.8819035,hairdresser,미소 스킨 앤 왁싱,"강원도 강릉시 원대로 181, 1층 (교동)"
37.74678362,128.8964023,hairdresser,휴스킨앤바디,"강원도 강릉시 단오장길22번길 11-2, 1층 (노암동)"
37.75602805,128.9100487,hairdresser,아름스킨케어,강원도 강릉시 용지로 52 (입암동)
37.77344129,128.8897203,hairdresser,봄인스킨케어(BOM in 스킨케어),강원도 강릉시 율곡로 3040
37.74509184,128.8969055,hairdresser,제이뷰티클럽(J뷰티클럽),강원도 강릉시 임영로 30-1 (노암동)
37.75237232,128.8877268,hairdresser,슈퍼래쉬,강원도 강릉시 토성로 94 (홍제동)
37.7588719,128.8821191,hairdresser,유리가면,강원도 강릉시 원대로 48-4 (교동)
37.75947289,128.891768,hairdresser,장수힐링센타,강원도 강릉시 임영로 205 (교동)
37.75642939,128.8952436,hairdresser,예쁜eye(예쁜아이),강원도 강릉시 경강로2103번길 17-4 (임당동)
37.77157544,128.91691,hairdresser,뉴스킨피부샵,강원도 강릉시 하평5길 19 (포남동)
37.7677512,128.8766385,hairdresser,앨리김뉴스킨,강원도 강릉시 하슬라로206번길 8-3 (교동)
37.76178953,128.9058951,hairdresser,박혜란뷰티테라피,"강원도 강릉시 용지각길 23, 1층 (포남동)"
37.75834649,128.8990072,hairdresser,맘스힐링뷰티,"강원도 강릉시 옥가로 21, 4층 (옥천동)"
37.755961,128.8978147,hairdresser,바니래쉬,"강원도 강릉시 경강로 2115, 2층 (임당동)"
37.76484476,128.8918881,hairdresser,에스테티아 강릉1호점,"강원도 강릉시 율곡로 2938, 1층 (교동)"
37.75594793,128.882999,hairdresser,생그린강릉에이스지사,"강원도 강릉시 원대로8번길 12-1, 2층 (교동, 청솔빌딩)"
37.8884253,128.8258132,hairdresser,J 뷰티,"강원도 강릉시 주문진읍 주문로 52, 2층"
37.7462639,128.8984786,hairdresser,美(미)피부사랑,강원도 강릉시 노암등길 22 (노암동)
37.76772454,128.8768133,hairdresser,갤러리,강원도 강릉시 하슬라로206번길 12-2 (교동)
37.7514729,128.8845879,hairdresser,예진샵,강원도 강릉시 토성로61번길 8 (홍제동)
37.75843582,128.8916009,hairdresser,샤르망,강원도 강릉시 임영로 193 (교동)
37.75439999,128.9193813,hairdresser,휴에스테틱,"강원도 강릉시 성덕로 328-15, 120동 202호 (입암동)"
37.75757201,128.8988356,hairdresser,아트피아(코리아나),"강원도 강릉시 옥가로7번길 2, 2층 202호 (옥천동)"
37.74598802,128.8866873,hairdresser,뽀샵,"강원도 강릉시 범일로 684, 1층 (내곡동)"
37.76962199,128.8788083,hairdresser,라크비에스테틱,강원도 강릉시 솔올로 87 (교동)
37.75751892,128.8654382,hairdresser,노블레스씨앤티,"강원도 강릉시 사임당로 143, 4층 (홍제동)"
37.76575602,128.9054054,hairdresser,화이트스킨,"강원도 강릉시 남구길30번길 6, 2층 (포남동)"
37.75778017,128.8692349,hairdresser,브랜딩케어,"강원도 강릉시 선수촌로63번길 14-16, 3층 310호 (홍제동)"
37.76849409,128.9150015,hairdresser,쌩얼미인,강원도 강릉시 경강로 2321 (포남동)
37.75778017,128.8692349,hairdresser,아미퓨어,강원도 강릉시 선수촌로63번길 14-16 (홍제동)
37.88596653,128.825154,hairdresser,탱글탱글피부바디샾,강원도 강릉시 주문진읍 주문로 23
37.75780775,128.8710328,hairdresser,"skin care 가꿈,","강원도 강릉시 선수촌로 64-17, 1층 (홍제동)"
37.77104705,128.9122076,hairdresser,Brown Skin(브라운스킨),강원도 강릉시 하평2길 7 (포남동)
37.76539623,128.9082098,hairdresser,더 예쁜피부샵,강원도 강릉시 경강로2255번길 7 (포남동)
37.74882679,128.9103392,hairdresser,미스킨앤바디,"강원도 강릉시 율곡로2692번길 14, 2층 202호 (입암동)"
37.77130972,128.8807555,hairdresser,선아테라피,강원도 강릉시 경포로 58 (교동)
37.75515453,128.8799999,hairdresser,아이시대,"강원도 강릉시 하슬라로 18, 210호 (홍제동)"
37.76385095,128.8972708,hairdresser,이보석아로마,"강원도 강릉시 명륜로 43-1, 1층 (교동)"
37.756178,128.8656207,hairdresser,사월에스테틱,"강원도 강릉시 사임당로 129, 301호 (홍제동)"
37.7623778,128.8727805,hairdresser,뷰라인,"강원도 강릉시 정원로 77-6, 1층 (교동)"
37.74376805,128.8820914,hairdresser,피부가 예뻐지는 날,"강원도 강릉시 강변로114번길 16, 한라아파트 상가동 204호 (내곡동)"
37.75874601,128.901303,hairdresser,(주)코리아나화장품 강릉사업국,"강원도 강릉시 경강로 2157, 효경빌딩 2층 (옥천동)"
37.74061724,128.8651814,hairdresser,이한나's 뷰티샵,"강원도 강릉시 회산로351번길 15, 101호, 102호 (회산동)"
37.76451841,128.9079677,hairdresser,나노테라피,"강원도 강릉시 경강로2245번길 2-1, 1층 (포남동)"
37.75955138,128.8959918,hairdresser,짱피부관리실,강원도 강릉시 율곡로 2866 (교동)
37.77052292,128.8785935,hairdresser,민 스킨앤바디,강원도 강릉시 하슬라로232번길 23 (교동)
37.76124563,128.870444,hairdresser,하리옴(쑥이사랑&에스테틱),"강원도 강릉시 선수촌로 114, 4층 (유천동)"
37.76876389,128.8925034,hairdresser,GLOW,강원도 강릉시 율곡로 2984 (교동)
37.7631367,128.8728585,hairdresser,힐링스위치,"강원도 강릉시 정원로 84-2, 1층 101호 (교동)"
37.76150666,128.8731621,hairdresser,하슬라에스테틱,"강원도 강릉시 하슬라로 125-2, 1층 (교동)"
37.75932308,128.9111804,hairdresser,강릉뷰티인,"강원도 강릉시 월대산로 7, 2층 (입암동)"
37.76498472,128.9099446,hairdresser,이현지피부관리샵,"강원도 강릉시 성덕포남로153번길 15, 2층 (포남동)"
37.77333629,128.9148952,hairdresser,임수안바디케어,"강원도 강릉시 하평4길 46-1, 1층 (포남동)"
37.7578705,128.924841,hairdresser,거꾸로가는시간 강릉1호점,"강원도 강릉시 성덕로 271, 2층 (입암동)"
37.77161191,128.9163295,hairdresser,보누므,"강원도 강릉시 하평4길 23, 1층 (포남동)"
37.75877456,128.9176329,hairdresser,데아에스테틱,"강원도 강릉시 입암로148번길 2, 2층 (입암동)"
37.76284794,128.8793206,hairdresser,데일리스킨,"강원도 강릉시 교동광장로 138-14, 102호 (교동, 교동주공3단지아파트)"
37.77276968,128.8832222,hairdresser,민뷰티강릉,"강원도 강릉시 경포로 84, 2층 (교동)"
37.7567601,128.8688398,hairdresser,리얼뷰티,"강원도 강릉시 선수촌로63번길 14-3, 101호 (홍제동)"
37.76287917,128.9083113,hairdresser,스킨데이,"강원도 강릉시 성덕포남로149번길 44, 1층 103호 (포남동)"
37.76495223,128.9086529,hairdresser,여기는 뷰티샵,"강원도 강릉시 경강로 2253, 1층 (포남동)"
37.75259736,128.904151,hairdresser,뷰티메이드,"강원도 강릉시 율곡로 2761-1, 2층 (노암동)"
37.78064712,128.9174648,hairdresser,스킨케어스토아,"강원도 강릉시 산양큰길 44, 1층 좌3호 (포남동)"
37.7731087,128.9329224,hairdresser,다올뷰티,"강원도 강릉시 경강로 2498, 204호 (송정동, 강릉 송정 신원아침도시)"
37.75780496,128.8683702,hairdresser,다이아 에스테틱,"강원도 강릉시 선수촌로63번길 18-15, 푸르벨라 2차 2층 202호 (홍제동)"
37.75373345,128.8960213,hairdresser,어반트랜드 에스테틱,"강원도 강릉시 신대학길 27-1, 2층 (금학동)"
37.74563803,128.8907958,hairdresser,더 투명한 스킨,"강원도 강릉시 남산초교길 17-2, 1층 (내곡동)"
37.75676411,128.8898114,hairdresser,약명,강원도 강릉시 임영로157번길 23 (교동)
37.88549279,128.8251005,hairdresser,김은수피부미용실,강원도 강릉시 주문진읍 주문로 17 (1층)
37.76312979,128.8798587,hairdresser,까미유 뷰티명가,강원도 강릉시 교동광장로 138-13 (교동)
37.75373345,128.8960213,hairdresser,어반트랜드 강릉점,"강원도 강릉시 신대학길 27-1 (금학동,2층)"
37.75203901,128.8957662,hairdresser,인헤어&피부관리,"강원도 강릉시 중앙시장2길 7, 2층 (성남동)"
37.75412798,128.8906981,hairdresser,모다헤어,"강원도 강릉시 토성로 126, 1층 (용강동)"
37.74458824,128.9012278,hairdresser,더아름다운,강원도 강릉시 노암길42번길 28 (노암동)
37.75731589,128.8681716,hairdresser,NAIL RIN,"강원도 강릉시 선수촌로63번길 22-12, 1층 101호 (홍제동)"
37.75209105,128.895858,hairdresser,간지헤어샵,강원도 강릉시 중앙시장2길 7-1 (성남동)
37.75846509,128.898518,hairdresser,뉴토탈헤어,강원도 강릉시 옥천로61번길 16 (옥천동)
37.78028312,128.9158354,hairdresser,주다인헤어뷰티,"강원도 강릉시 강릉대로527번길 23 (포남동, 1층)"
37.75983609,128.9058432,hairdresser,림쌤헤어#,"강원도 강릉시 용지로104번길 7, 202호 (포남동)"
37.75344476,128.8679907,hairdresser,끌림헤어,"강원도 강릉시 선수촌로 22, 상가동 1층 (홍제동, LH미디어촌6단지아파트)"
37.76674112,128.910109,hairdresser,엘리제메이크업,"강원도 강릉시 성덕포남로 165, 1층 (포남동)"
37.77967701,128.9170441,hairdresser,박희숙토탈뷰티샵,"강원도 강릉시 강릉대로527번길 12, 1층 (포남동)"
37.77789753,128.9141559,hairdresser,샤인헤어샵,강원도 강릉시 산양길 22 (포남동)
37.75700063,128.8672148,hairdresser,살롱 3월,강원도 강릉시 선수촌로63번길 30-8 (홍제동)
37.76751605,128.9047723,hairdresser,코코#미용실,강원도 강릉시 강릉대로359번길 11-5 (포남동)
37.75161197,128.8943574,hairdresser,착한헤어,강원도 강릉시 금성로 66 (성내동)
37.75513791,128.8819094,hairdresser,엘르헤어,강원도 강릉시 원대로 6 (교동)
37.77811658,128.9329081,hairdresser,유엘뷰티헤어,"강원도 강릉시 팔송길35번길 23, 1층 (송정동)"
37.75683359,128.8695961,hairdresser,줄리엣 헤어살롱,"강원도 강릉시 선수촌로63번길 6-3, 1층 101호 (홍제동)"
37.74102158,128.8683968,hairdresser,모던헤어,강원도 강릉시 회산로 372 (회산동)
37.89475512,128.8299235,hairdresser,비비드헤어,강원도 강릉시 주문진읍 주문로 138
37.7543789,128.9084022,hairdresser,헤어센스,"강원도 강릉시 강중길 38, 1층 (입암동)"
37.75368114,128.8977372,hairdresser,라온헤어,"강원도 강릉시 금성로 27, 1층 (성남동)"
37.7557275,128.8965674,hairdresser,거꾸로 가는 시간,"강원도 강릉시 경강로 2107, 1층 (임당동)"
37.75340776,128.8936822,hairdresser,보네르뷰티,"강원도 강릉시 경강로 2069, 1층 (임당동)"
37.75827378,128.8814961,hairdresser,커스텀 메이드,"강원도 강릉시 원대로 39, 1층 (교동)"
37.88596653,128.825154,hairdresser,엘린헤어,"강원도 강릉시 주문진읍 주문로 23, 1층"
37.76902568,128.9039528,hairdresser,젠헤어,"강원도 강릉시 가작로274번길 19, 1층 (포남동)"
37.78343896,128.9160438,hairdresser,헤어쌀롱,"강원도 강릉시 연당길 62, 1층 (초당동)"
37.75681966,128.869231,hairdresser,언제나 고은 헤어,"강원도 강릉시 선수촌로63번길 14-6, 야야상가 A동 104호 (홍제동)"
37.76255137,128.9049041,hairdresser,아림헤어,"강원도 강릉시 경강로2213번길 9, 1층 (포남동)"
37.78028046,128.9171503,hairdresser,란미용실,"강원도 강릉시 산양큰길 40, 1층 (포남동)"
37.76910669,128.8777191,hairdresser,H.단미뷰티,"강원도 강릉시 가작로 18, 1층 (교동)"
37.88463272,128.8252892,hairdresser,봄봄헤어,"강원도 강릉시 주문진읍 주문로 8, 1층"
37.73924158,128.879664,hairdresser,나라쌀롱,"강원도 강릉시 범일로579번길 6, 1층 (내곡동)"
37.76097444,128.9174042,hairdresser,로지네일,"강원도 강릉시 성덕포남로 75, 1층 (입암동)"
37.76041926,128.9025847,hairdresser,지안 헤어,강원도 강릉시 옥가로58번길 26 (옥천동)
37.7415998,128.8652206,hairdresser,The BOM hair(더 봄 헤어),"강원도 강릉시 회산로383번길 37, 상가동 103호 (회산동, 힐스테이트강릉아파트)"
37.60827897,129.034442,hairdresser,영재미용실,"강원도 강릉시 옥계면 현내시장길 88, 1층"
37.7415998,128.8652206,hairdresser,제시네일,"강원도 강릉시 회산로383번길 37, 상가동 1층 (회산동, 힐스테이트강릉아파트)"
37.75499273,128.9210016,hairdresser,남이살롱,"강원도 강릉시 성덕로 316-11, 107호 (입암동)"
37.75314712,128.8969708,hairdresser,조인리헤어,"강원도 강릉시 금성로 35, 2층 (성남동)"
37.76983783,128.8788307,hairdresser,헤어더뷰,강원도 강릉시 솔올로 89 (교동)
37.76247154,128.8772262,hairdresser,라움,"강원도 강릉시 솔올로 3, 해양빌딩 1층 104호 (교동)"
37.74931738,128.9000896,hairdresser,미장원,"강원도 강릉시 노가니길 9, 1층 (노암동)"
37.75702035,128.8673707,hairdresser,수경헤어샵(수경헤어#),"강원도 강릉시 선수촌로63번길 26-7, 1층 (홍제동)"
37.74732271,128.9024676,hairdresser,더솔헤어,"강원도 강릉시 시영길 40, 1층 (노암동)"
37.7553542,128.8939183,hairdresser,델루나,"강원도 강릉시 문화의길 17-1, 2층 (임당동)"
37.75716945,128.9211935,hairdresser,코디네일,"강원도 강릉시 성덕포남로 21-7, 1층 101호 (입암동)"
37.75199152,128.895672,hairdresser,더네일,"강원도 강릉시 중앙시장2길 5, 1층 (성남동)"
37.75333578,128.8926282,hairdresser,네일쿠잉,강원도 강릉시 임영로 134 (임당동)
37.7652683,128.8815913,hairdresser,나비네일교동점,강원도 강릉시 율곡초교길39번길 29 (교동)
37.77052292,128.8785935,hairdresser,SJ매니큐어,강원도 강릉시 하슬라로232번길 23 (교동)
37.76772454,128.8768133,hairdresser,네일갤러리(교동점),강원도 강릉시 하슬라로206번길 12-2 (교동)
37.77211118,128.9161231,hairdresser,네일103(NAIL103),강원도 강릉시 하평4길 30 (포남동)
37.88117992,128.8262005,hairdresser,유리네일,강원도 강릉시 주문진읍 연주로 322-1
37.77263918,128.9158396,hairdresser,지인네일,"강원도 강릉시 하평5길 35, 1층 102호 (포남동)"
37.75281115,128.8968618,hairdresser,고운손,강원도 강릉시 곶감전길 3-1 (성남동)
37.74551574,128.890529,hairdresser,허니 네일,강원도 강릉시 남산초교길 20 (내곡동)
37.88708485,128.8254016,hairdresser,아띠네일,강원도 강릉시 주문진읍 주문로 35
37.7560191,128.8925287,hairdresser,네일숲,"강원도 강릉시 임영로164번길 7, 102호 (임당동)"
37.74204175,128.8822443,hairdresser,샤네일,"강원도 강릉시 남부로17번길 26, 101호 (내곡동)"
37.75710424,128.8886277,hairdresser,리본네일,강원도 강릉시 강릉대로 164 (교동)
37.75406797,128.8900759,hairdresser,네일그대와,"강원도 강릉시 토성로 121, 1층 (용강동)"
37.7552604,128.8921812,hairdresser,금빛네일아트,강원도 강릉시 임영로 156-3 (임당동)
37.77179176,128.9143988,hairdresser,나만의 네일,"강원도 강릉시 하평3길 37 (포남동, 일송상가 110호)"
37.77077696,128.9125968,hairdresser,네일잇츠유,"강원도 강릉시 하평2길 6 (포남동, 청송아파트 상가동)"
37.7524577,128.894412,hairdresser,리유,강원도 강릉시 임영로116번안길 5 (금학동)
37.77074018,128.9114775,hairdresser,네일 더 예쁨,"강원도 강릉시 하평1길 6, 1층 (포남동)"
37.75642939,128.8952436,hairdresser,예쁜네일,"강원도 강릉시 경강로2103번길 17-4, 1층 (임당동)"
37.77438572,128.9126858,hairdresser,네일데이트,강원도 강릉시 강릉대로457번길 6 (포남동)
37.7633134,128.9013681,hairdresser,네일&데이트,강원도 강릉시 강릉대로 300 (옥천동)
37.76429578,128.8812394,hairdresser,네일온,"강원도 강릉시 교동광장로 149, 1층 (교동)"
37.75589225,128.8974693,hairdresser,Nail box(네일박스),"강원도 강릉시 경강로 2111, 임당시장 20호 (임당동)"
37.74667616,128.9022134,hairdresser,THE 예쁜네일(더예쁜네일),"강원도 강릉시 노가니길 44-1, 1층 (노암동)"
37.76642154,128.9104513,hairdresser,네일후,"강원도 강릉시 경강로 2275, 1층 (포남동)"
37.76163226,128.9013117,hairdresser,더예쁨,강원도 강릉시 옥가로58번길 9 (옥천동)
37.7560885,128.8975947,hairdresser,엄지공주 네일아트,"강원도 강릉시 경강로 2113, 1층 (임당동)"
37.75568969,128.8986517,hairdresser,네일 세라,"강원도 강릉시 경강로 2120, 홈플러스 6층 629호 (옥천동)"
37.74598802,128.8866873,hairdresser,끌리네일,"강원도 강릉시 범일로 684, 1층 (내곡동)"
37.76312707,128.8738547,hairdresser,룩엣네일,"강원도 강릉시 하슬라로 147-1, 1층 101호 (교동)"
37.75188275,128.8925422,hairdresser,하티타네일,"강원도 강릉시 경강로 2050, 1층 (명주동)"
37.76213727,128.9012057,hairdresser,디어앤유어,"강원도 강릉시 동부시장길 45, 1층 (옥천동)"
37.75720093,128.889289,hairdresser,꽃물톡톡,"강원도 강릉시 강릉대로 172, 1층 103호 (교동)"
37.75099958,128.8959758,hairdresser,수네일,"강원도 강릉시 중앙시장3길 7, 1층 (성남동)"
37.76356748,128.8772167,hairdresser,치유네일레푸스 강릉교동점,"강원도 강릉시 솔올로5번길 52, 3층 (교동)"
37.75387861,128.8922869,hairdresser,수나네일,"강원도 강릉시 임영로 142, 1층 (임당동)"
37.77547146,128.9132645,hairdresser,기적같은 날,강원도 강릉시 강릉대로469번길 10 (포남동)
37.7574985,128.8683302,hairdresser,라이스네일(Rice Nail),"강원도 강릉시 선수촌로63번길 18-13, 102호 (홍제동)"
37.75866061,128.9201161,hairdresser,네일또와,"강원도 강릉시 성덕포남로 37, 입암6주공아파트 상가 2층 202호 (입암동)"
37.75778017,128.8692349,hairdresser,네일화백,"강원도 강릉시 선수촌로63번길 14-16, 109호 (홍제동)"
37.74205614,128.8814055,hairdresser,"미인은,네일해","강원도 강릉시 남부로17번길 23, 1층 (내곡동)"
37.77516193,128.9111283,hairdresser,네일블랑,"강원도 강릉시 강릉대로457번길 21, 1층 (포남동)"
37.75877456,128.9176329,hairdresser,네일오브,"강원도 강릉시 입암로148번길 2, 104호 (입암동)"
37.76470745,128.8785928,hairdresser,"네일,터치(Nail,touch)","강원도 강릉시 교동광장로 125, 104호 (교동)"
37.75720011,128.8700468,hairdresser,제이온리네일,"강원도 강릉시 선수촌로 69, 210호 (홍제동)"
37.75626145,128.8913936,hairdresser,바이와이!(BY Y!),"강원도 강릉시 임영로 167, 102호 (용강동)"
37.75321293,128.8957865,hairdresser,양군헤어,강원도 강릉시 신대학길 22-1 (금학동)
37.75567242,128.8932482,hairdresser,네일스토리,강원도 강릉시 임영로164번길 16-4 (임당동)
37.77035791,128.9166807,hairdresser,앤네일,강원도 강릉시 하평길 74 (포남동)
37.7523629,128.8971967,hairdresser,여우만들기 네일,"강원도 강릉시 곶감전길 9 (성남동, 1층)"
37.75509423,128.8907988,hairdresser,앤다이어리(N다이어리),"강원도 강릉시 임영로155번길 6, 서부시장 1-37호 (용강동)"
37.75259875,128.897269,hairdresser,현네일,강원도 강릉시 중앙시장2길 21-1 (성남동)
37.76370043,128.8748585,hairdresser,르몽드담뷰티바,"강원도 강릉시 하슬라로 156, 1층 (교동)"
37.7669486,128.8763242,hairdresser,블리네일,"강원도 강릉시 하슬라로192번길 7, 1층 (교동)"
37.75300471,128.8990386,hairdresser,겟잇뷰티네일(Get it beauty Nail),강원도 강릉시 중앙시장2길 38 (성남동)
37.76495223,128.9086529,hairdresser,엘네일,강원도 강릉시 경강로 2253 (포남동)
37.75466975,128.919937,hairdresser,salon de nail(살롱드네일),"강원도 강릉시 성덕로 328-18, 107호 (입암동)"
37.7569012,128.8688379,hairdresser,Nail & # (네일 앤 샵),"강원도 강릉시 선수촌로63번길 14-5, 101호 (홍제동)"
37.75518309,128.879141,hairdresser,조이.네일왁스(Joy.네일왁스),"강원도 강릉시 하슬라로 26, 2층 (홍제동)"
37.77064325,128.9056394,hairdresser,스타일링 작업실,강원도 강릉시 가작로 277 (포남동)
37.76395305,128.8895173,hairdresser,빛나,"강원도 강릉시 옛강일길 46, 1층 (교동)"
37.77064325,128.9056394,hairdresser,루시메이크업,"강원도 강릉시 가작로 277, 1층 (포남동)"
37.7622717,128.907724,hairdresser,살롱드유,"강원도 강릉시 용지각길38번길 10, 1층 (포남동)"
37.75561023,128.8914891,hairdresser,뷰티콘,"강원도 강릉시 임영로 161, 2층 (용강동)"
37.75417627,128.9168725,hairdresser,라담,"강원도 강릉시 입암로148번길 62, 201호 (입암동)"
37.74589302,128.8945162,hairdresser,한올,"강원도 강릉시 남산길 21, 지하 1층 (노암동)"
37.76927649,128.9051495,hairdresser,그리다,"강원도 강릉시 성덕포남로213번길 12-1, 1층 (포남동)"
37.76417544,128.8739473,hairdresser,디어 더 메이크업,"강원도 강릉시 정원로 74-17, 1층 (교동)"
37.76733054,128.8793717,hairdresser,임뷰티,강원도 강릉시 율곡초교길11번길 12 (교동)
37.75167902,128.9125449,hairdresser,아이Reform(아이리폼),강원도 강릉시 입암로 51 (입암동)
37.77104705,128.9122076,hairdresser,조은아이,"강원도 강릉시 하평2길 7, 1층 (포남동)"
37.8688543,128.8392609,hairdresser,앤투빈(And2bin),"강원도 강릉시 연곡면 영진2길 9, 101호"
37.75286503,128.9061375,hairdresser,비즈,강원도 강릉시 강중길 12 (입암동)
37.76900503,128.8791848,hairdresser,에뚜알헤어샵,강원도 강릉시 솔올로 78 (교동)
37.75564661,128.863326,hairdresser,헤어살롱준,강원도 강릉시 사임당로107번길 28 (홍제동)
37.74498715,128.8816583,hairdresser,예가미장,강원도 강릉시 강변로 116 (내곡동)
37.75783035,128.8937438,hairdresser,뚱슈헤나,"강원도 강릉시 강릉대로210번길 5-3, 2층 (임당동)"
37.75032378,128.9118351,hairdresser,더홍헤어,"강원도 강릉시 입암로 33, 남경빌딩 1층 (입암동)"
37.77990801,128.9167103,hairdresser,뉴클래식,강원도 강릉시 강릉대로527번길 16 (포남동)
37.7644866,128.8799686,hairdresser,아르더헤어,"강원도 강릉시 교동광장로 137, 2층 (교동)"
37.76766686,128.8824046,hairdresser,스미힐,"강원도 강릉시 원대로 145, 1층 (교동)"
37.75703075,128.8681786,hairdresser,나나제이,"강원도 강릉시 선수촌로63번길 22-8, 101호 (홍제동)"
37.75499273,128.9210016,hairdresser,속눈썹달인,"강원도 강릉시 성덕로 316-11, 1층 105호 (입암동)"
37.7630397,128.8999175,hairdresser,워니사라블랑,"강원도 강릉시 용지로 167, 2층 201호 (교동)"
37.75281115,128.8968618,hairdresser,고운속눈썹,강원도 강릉시 곶감전길 3-1 (성남동)
37.7456604,128.8904966,hairdresser,단장,"강원도 강릉시 남산초교길 18, 1층 (내곡동)"
37.77004913,128.9077052,hairdresser,"뷰티데이,오늘","강원도 강릉시 성덕포남로206번길 10, 1층 (포남동)"
37.75509466,128.8932571,hairdresser,오늘네일,강원도 강릉시 토성로 152-1 (임당동)
37.76707438,128.9097009,hairdresser,썸네일(some nail),강원도 강릉시 성덕포남로 169 (포남동)
37.76830559,128.9146884,hairdresser,공드린,"강원도 강릉시 경강로 2319, 1층 2호 (포남동)"
37.77079683,128.8789008,hairdresser,유니네일,강원도 강릉시 솔올로 99 (교동)
37.74968598,128.8993868,hairdresser,Hee Nail,"강원도 강릉시 노가니길 2, 1층 (노암동)"
37.7719966,128.8780631,hairdresser,뷰티인사이드,"강원도 강릉시 경포로 33, 1층 (지변동)"
37.77295612,128.9147299,hairdresser,노크네일,"강원도 강릉시 하평3길 46, 1층 (포남동)"
37.76759101,128.9117116,hairdresser,made J(메이드제이),"강원도 강릉시 성덕포남로162번길 13, 1층 (포남동)"
37.76698108,128.9116214,hairdresser,제이제이네일,"강원도 강릉시 경강로 2287, 2층 (포남동)"
37.75720011,128.8700468,hairdresser,"네일,하루","강원도 강릉시 선수촌로 69, 유천메타폴리스 A동 2층 201호 (홍제동)"
37.76840191,128.8824688,hairdresser,"하이,네일(Hi,nail)","강원도 강릉시 원대로 155, 101호 (교동)"
37.76904039,128.9097387,hairdresser,스마일네일,"강원도 강릉시 성덕포남로188번길 14, 102호 (포남동)"
37.76204533,128.9075005,hairdresser,벨로어에스테틱,"강원도 강릉시 경강로2224번길 11, 1층 102호 (포남동)"
37.75792307,128.8850808,hairdresser,진네일갤러리,"강원도 강릉시 원대로20번길 32-1, 1층 (교동)"
37.77626146,128.9353845,hairdresser,라바(LABA),강원도 강릉시 송정길30번길 36 (송정동)
37.73977273,128.8790199,hairdresser,치즈헤어,"강원도 강릉시 관대길15번길 5, 1층 (내곡동)"
37.7697242,128.9126662,hairdresser,수지헤어,"강원도 강릉시 성덕포남로182번길 40, 1층 (포남동)"
37.75548608,128.8938007,hairdresser,이쁜헤어,강원도 강릉시 토성로 158 (임당동)
37.75244344,128.9116641,hairdresser,"네일,뭐해?","강원도 강릉시 용지로 19, 1층 108호 (입암동, 입암현대아파트)"
37.75584363,128.8934694,hairdresser,반함헤어,"강원도 강릉시 임영로164번길 16-1, 1층 (임당동)"
37.75359504,128.8968577,hairdresser,도도헤어,"강원도 강릉시 대학길 4, 2층 (금학동)"
37.77454788,128.9098535,hairdresser,더플러스 머리방(The+플러스 머리방),강원도 강릉시 강릉대로443번길 25-1 (포남동)
37.75216169,128.8978709,hairdresser,미앤미뷰티헤어,"강원도 강릉시 중앙시장3길 29, 1층 (성남동)"
37.75382326,128.8900334,hairdresser,애린네일,"강원도 강릉시 토성로 120, 1층 (용강동)"
37.77006072,128.878852,hairdresser,나영뷰티,"강원도 강릉시 솔올로 91, 1층 (교동)"
37.76677659,128.8795306,hairdresser,디어리스트,"강원도 강릉시 율곡초교길11번길 19, 1층 (교동)"
37.75637933,128.8917103,hairdresser,지니네일,강원도 강릉시 임영로 170-3 (임당동)
