위도,경도,name,highway,public_transport,operator
38.004922,128.731036,38선휴게소,bus_stop,platform,강릉시
37.769881,128.895084,e-편한세상아파트,bus_stop,platform,강릉시
37.769647,128.89515,e-편한세상아파트,bus_stop,platform,강릉시
37.772792,128.911774,KT,bus_stop,platform,강릉시
37.773088,128.912479,KT,bus_stop,platform,강릉시
37.825375,128.882157,가둔지길입구,bus_stop,platform,강릉시
37.825399,128.882025,가둔지길입구,bus_stop,platform,강릉시
37.722371,128.794771,가마골,bus_stop,platform,강릉시
37.722524,128.794861,가마골,bus_stop,platform,강릉시
37.73785,128.794174,가족관광농원,bus_stop,platform,강릉시
37.737939,128.794205,가족관광농원,bus_stop,platform,강릉시
37.729555,128.90147,가축위생시험사업소,bus_stop,platform,강릉시
37.729584,128.901256,가축위생시험사업소,bus_stop,platform,강릉시
37.737715,128.872343,가톨릭관동대북문,bus_stop,platform,강릉시
37.738303,128.878127,가톨릭관동대학교,bus_stop,platform,강릉시
37.738128,128.878263,가톨릭관동대학교,bus_stop,platform,강릉시
37.824534,128.84365,갈골한과,bus_stop,platform,강릉시
37.824688,128.843668,갈골한과,bus_stop,platform,강릉시
37.666265,128.967325,갈버든,bus_stop,platform,강릉시
37.666287,128.967207,갈버든,bus_stop,platform,강릉시
37.737851,128.798828,감나무민박,bus_stop,platform,강릉시
37.737921,128.798769,감나무민박,bus_stop,platform,강릉시
37.53348,128.833556,감자채종포마을,bus_stop,platform,강릉시
37.533528,128.833642,감자채종포마을,bus_stop,platform,강릉시
37.727339,128.954361,강동면사무소,bus_stop,platform,강릉시
37.727594,128.953351,강동면사무소,bus_stop,platform,강릉시
37.727689,128.953371,강동면사무소,bus_stop,platform,강릉시
37.687952,129.031786,강동무료주차장,bus_stop,platform,강릉시
37.72744,128.978267,강동파출소,bus_stop,platform,강릉시
37.727336,128.978269,강동파출소,bus_stop,platform,강릉시
37.770466,128.904053,강릉MBC,bus_stop,platform,강릉시
37.76779,128.906862,강릉경찰서,bus_stop,platform,강릉시
37.76808,128.906866,강릉경찰서,bus_stop,platform,강릉시
37.788593,128.914704,강릉고등학교,bus_stop,platform,강릉시
37.783591,128.920097,강릉고입구,bus_stop,platform,강릉시
37.783498,128.920397,강릉고입구,bus_stop,platform,강릉시
37.788302,128.915524,강릉고정문,bus_stop,platform,강릉시
37.753772,128.880186,강릉관광개발공사,bus_stop,platform,강릉시
37.766008,128.904271,강릉관광호텔,bus_stop,platform,강릉시
37.745949,128.86556,강릉교도소,bus_stop,platform,강릉시
37.745842,128.866438,강릉교도소,bus_stop,platform,강릉시
37.698819,128.849038,강릉기도원입구,bus_stop,platform,강릉시
37.698747,128.848956,강릉기도원입구,bus_stop,platform,강릉시
37.787098,128.907554,강릉녹색도시체험센터,bus_stop,platform,강릉시
37.787174,128.907455,강릉녹색도시체험센터,bus_stop,platform,강릉시
37.76025,128.900018,강릉농협,bus_stop,platform,강릉시
37.760131,128.899707,강릉농협,bus_stop,platform,강릉시
37.751237,128.891672,강릉대도호부관아,bus_stop,platform,강릉시
37.751693,128.892323,강릉대도호부관아,bus_stop,platform,강릉시
37.795642,128.819393,강릉면허시험장,bus_stop,platform,강릉시
37.795769,128.819368,강릉면허시험장,bus_stop,platform,강릉시
37.757932,128.874085,강릉문화원,bus_stop,platform,강릉시
37.758178,128.871147,강릉소방서,bus_stop,platform,강릉시
37.757956,128.871238,강릉소방서,bus_stop,platform,강릉시
37.701227,128.866061,강릉솔향수목원,bus_stop,platform,강릉시
37.728696,128.981388,강릉승마장,bus_stop,platform,강릉시
37.728618,128.981444,강릉승마장,bus_stop,platform,강릉시
37.74248,128.882212,강릉시보건소,bus_stop,platform,강릉시
37.755107,128.879265,강릉시외.고속터미널,bus_stop,platform,강릉시
37.754913,128.879081,강릉시외.고속터미널,bus_stop,platform,강릉시
37.750894,128.878083,강릉시청,bus_stop,platform,강릉시
37.817893,128.857634,강릉아산병원(강릉방면),bus_stop,platform,강릉시
37.817808,128.857572,강릉아산병원(주문진방면),bus_stop,platform,강릉시
37.813845,128.855339,강릉아산병원입구,bus_stop,platform,강릉시
37.813364,128.855884,강릉아산병원입구,bus_stop,platform,강릉시
37.75904,128.902416,강릉여고,bus_stop,platform,강릉시
37.759307,128.905294,강릉여고정문,bus_stop,platform,강릉시
37.758772,128.905604,강릉여고정문,bus_stop,platform,강릉시
37.764213,128.899318,강릉역,bus_stop,platform,강릉시
37.764044,128.899146,강릉역건너편,bus_stop,platform,강릉시
37.744898,128.859215,강릉영동대학,bus_stop,platform,강릉시
37.744988,128.859186,강릉영동대학,bus_stop,platform,강릉시
37.777027,128.896641,강릉올림픽파크,bus_stop,platform,강릉시
37.776912,128.896525,강릉올림픽파크,bus_stop,platform,강릉시
37.770701,128.874085,강릉원주대,bus_stop,platform,강릉시
37.770513,128.873945,강릉원주대,bus_stop,platform,강릉시
37.770818,128.875024,강릉원주대입구,bus_stop,platform,강릉시
37.770788,128.875196,강릉원주대입구,bus_stop,platform,강릉시
37.773274,128.874857,강릉원주대후문,bus_stop,platform,강릉시
37.773221,128.874996,강릉원주대후문,bus_stop,platform,강릉시
37.748852,128.8888,강릉의료원,bus_stop,platform,강릉시
37.749805,128.890911,강릉의료원,bus_stop,platform,강릉시
37.759579,128.891887,강릉제일고,bus_stop,platform,강릉시
37.759081,128.891997,강릉제일고,bus_stop,platform,강릉시
37.759618,128.912793,강릉중앙고,bus_stop,platform,강릉시
37.759407,128.912044,강릉중앙고,bus_stop,platform,강릉시
37.75263,128.90471,강릉중입구,bus_stop,platform,강릉시
37.752659,128.90422,강릉중입구,bus_stop,platform,강릉시
37.766245,128.904924,강릉축산농협,bus_stop,platform,강릉시
37.795335,128.916388,강문,bus_stop,platform,강릉시
37.795527,128.91629,강문,bus_stop,platform,강릉시
37.785134,128.91815,강원도교육연수원,bus_stop,platform,강릉시
37.876571,128.828406,강원도립대,bus_stop,platform,강릉시
37.876994,128.828317,강원도립대,bus_stop,platform,강릉시
37.725725,128.861488,강원예술고교,bus_stop,platform,강릉시
37.725752,128.86165,강원예술고교,bus_stop,platform,강릉시
37.764637,128.891538,강일여고,bus_stop,platform,강릉시
37.764733,128.891845,강일여고,bus_stop,platform,강릉시
37.764149,128.888168,강일여고정문,bus_stop,platform,강릉시
37.763843,128.887337,강일여고정문,bus_stop,platform,강릉시
37.736744,128.863507,강일운수,bus_stop,platform,강릉시
37.736856,128.863195,강일운수,bus_stop,platform,강릉시
37.723072,128.860851,개화대,bus_stop,platform,강릉시
37.723169,128.860732,개화대,bus_stop,platform,강릉시
37.658141,128.790452,검뎅이골아래,bus_stop,platform,강릉시
37.658072,128.79054,검뎅이골아래,bus_stop,platform,강릉시
37.649737,128.786549,검뎅이골위,bus_stop,platform,강릉시
37.649668,128.786657,검뎅이골위,bus_stop,platform,강릉시
37.78052,128.919007,경포고교,bus_stop,platform,강릉시
37.780721,128.91876,경포고교,bus_stop,platform,강릉시
37.795569,128.897041,경포대.참소리박물관,bus_stop,platform,강릉시
37.795465,128.897224,경포대.참소리박물관,bus_stop,platform,강릉시
37.783732,128.880272,경포동주민센터,bus_stop,platform,강릉시
37.783717,128.880413,경포동주민센터,bus_stop,platform,강릉시
37.79988,128.911453,경포생태습지원,bus_stop,platform,강릉시
37.799844,128.911295,경포생태습지원,bus_stop,platform,강릉시
37.743198,128.900713,경포중학교,bus_stop,platform,강릉시
37.742869,128.900225,경포중학교,bus_stop,platform,강릉시
37.769824,128.87894,경포초등학교,bus_stop,platform,강릉시
37.804763,128.905598,경포해변,bus_stop,platform,강릉시
37.804475,128.905296,경포해변,bus_stop,platform,강릉시
37.804201,128.906221,경포해변,bus_stop,platform,강릉시
37.804239,128.906719,경포해변,bus_stop,platform,강릉시
37.80174,128.903378,경포현대A,bus_stop,platform,강릉시
37.801251,128.903353,경포현대A,bus_stop,platform,강릉시
37.524686,128.835364,고단,bus_stop,platform,강릉시
37.524636,128.835303,고단,bus_stop,platform,강릉시
37.524672,128.835553,고단2.3리교차로,bus_stop,platform,강릉시
37.524622,128.835631,고단2.3리교차로,bus_stop,platform,강릉시
37.717894,128.886554,고시원입구,bus_stop,platform,강릉시
37.717942,128.886646,고시원입구,bus_stop,platform,강릉시
37.757496,128.888944,고용센터,bus_stop,platform,강릉시
37.757189,128.888947,고용센터,bus_stop,platform,강릉시
37.667947,129.047899,곰두리연수원,bus_stop,platform,강릉시
37.667985,129.0478,곰두리연수원,bus_stop,platform,강릉시
37.746339,128.940003,공군부대앞,bus_stop,platform,강릉시
37.740068,128.930016,공군부대입구,bus_stop,platform,강릉시
37.739876,128.930062,공군부대입구,bus_stop,platform,강릉시
37.765385,128.922108,공단,bus_stop,platform,강릉시
37.765369,128.922249,공단,bus_stop,platform,강릉시
37.746124,128.871549,공제마을,bus_stop,platform,강릉시
37.7464,128.87155,공제마을,bus_stop,platform,강릉시
37.739276,128.86989,관솔길,bus_stop,platform,강릉시
37.739238,128.869784,관솔길,bus_stop,platform,강릉시
37.728391,128.829941,관음1리,bus_stop,platform,강릉시
37.738752,128.818115,관음1리,bus_stop,platform,강릉시
37.730349,128.826627,관음1리노인회관,bus_stop,platform,강릉시
37.768441,128.892107,교2동주민센터,bus_stop,platform,강릉시
37.756083,128.884,교동주유소,bus_stop,platform,강릉시
37.755676,128.883883,교동주유소,bus_stop,platform,강릉시
37.758718,128.894697,교동철교,bus_stop,platform,강릉시
37.767639,128.900518,교동한신A,bus_stop,platform,강릉시
37.767525,128.900595,교동한신A,bus_stop,platform,강릉시
37.756022,128.898055,교보생명,bus_stop,platform,강릉시
37.763256,128.941854,교통안전교육장,bus_stop,platform,강릉시
37.763352,128.941905,교통안전교육장,bus_stop,platform,강릉시
37.877963,128.8105,교항2리금용교,bus_stop,platform,강릉시
37.877906,128.810557,교향2리금용교,bus_stop,platform,강릉시
37.766944,128.911796,구)동해상사,bus_stop,platform,강릉시
37.840944,128.84194,구라미,bus_stop,platform,강릉시
37.84077,128.842237,구라미,bus_stop,platform,강릉시
37.845346,128.840792,구라미휴게소,bus_stop,platform,강릉시
37.844376,128.84038,구라미휴게소,bus_stop,platform,강릉시
37.845353,128.841139,구라미휴게소,bus_stop,platform,강릉시
37.845885,128.841476,구라미휴게소,bus_stop,platform,강릉시
37.764541,128.876644,구름다리,bus_stop,platform,강릉시
37.764741,128.877394,구름다리,bus_stop,platform,강릉시
37.613448,129.038113,구옥계버스정류장,bus_stop,platform,강릉시
37.710125,128.871378,구정마을회관,bus_stop,platform,강릉시
37.710079,128.871442,구정마을회관,bus_stop,platform,강릉시
37.718058,128.879976,구정면사무소,bus_stop,platform,강릉시
37.717976,128.880017,구정면사무소,bus_stop,platform,강릉시
37.720555,128.882802,구정보건지소,bus_stop,platform,강릉시
37.720505,128.882735,구정보건지소,bus_stop,platform,강릉시
37.716368,128.890014,구정초교입구,bus_stop,platform,강릉시
37.720386,128.882369,구정파출소,bus_stop,platform,강릉시
37.720345,128.882459,구정파출소,bus_stop,platform,강릉시
37.761668,128.898827,구터미널,bus_stop,platform,강릉시
37.761812,128.899389,구터미널,bus_stop,platform,강릉시
37.891505,128.826019,국립수산물품질관리원,bus_stop,platform,강릉시
37.708397,128.889041,굴산사입구,bus_stop,platform,강릉시
37.708367,128.88895,굴산사입구,bus_stop,platform,강릉시
37.706998,128.89331,굴산사지,bus_stop,platform,강릉시
37.843823,128.671805,궁궁소,bus_stop,platform,강릉시
37.726286,128.902886,금강사입구,bus_stop,platform,강릉시
37.726251,128.902968,금강사입구,bus_stop,platform,강릉시
37.711734,128.917333,금광교회입구,bus_stop,platform,강릉시
37.711735,128.917432,금광교회입구,bus_stop,platform,강릉시
37.702248,128.914284,금광리1반,bus_stop,platform,강릉시
37.702251,128.914409,금광리1반,bus_stop,platform,강릉시
37.717931,128.917454,금광리성황당,bus_stop,platform,강릉시
37.717949,128.917332,금광리성황당,bus_stop,platform,강릉시
37.70916,128.915221,금광삼거리,bus_stop,platform,강릉시
37.708269,128.915297,금광정미소,bus_stop,platform,강릉시
37.708265,128.91541,금광정미소,bus_stop,platform,강릉시
37.740209,128.855825,금산,bus_stop,platform,강릉시
37.740287,128.85575,금산,bus_stop,platform,강릉시
37.730231,128.838804,금산1리경로당,bus_stop,platform,강릉시
37.736667,128.849071,금산2리,bus_stop,platform,강릉시
37.736686,128.848923,금산2리,bus_stop,platform,강릉시
37.731518,128.844731,금산남밭,bus_stop,platform,강릉시
37.743329,128.857838,금산입구,bus_stop,platform,강릉시
37.743224,128.857655,금산입구,bus_stop,platform,강릉시
37.738216,128.851677,금산장수마을,bus_stop,platform,강릉시
37.738316,128.851613,금산장수마을,bus_stop,platform,강릉시
37.652225,129.049119,금진,bus_stop,platform,강릉시
37.641811,129.043275,금진,bus_stop,platform,강릉시
37.641799,129.043381,금진,bus_stop,platform,강릉시
37.639064,129.043664,금진2리,bus_stop,platform,강릉시
37.636166,129.044704,금진2리,bus_stop,platform,강릉시
37.639083,129.043771,금진2리,bus_stop,platform,강릉시
37.635189,129.045134,금진2리,bus_stop,platform,강릉시
37.633492,129.04343,금진초등학교,bus_stop,platform,강릉시
37.633424,129.043481,금진초등학교,bus_stop,platform,강릉시
37.652912,129.052394,금진항,bus_stop,platform,강릉시
37.652996,129.052292,금진항,bus_stop,platform,강릉시
37.755059,128.915608,금호어울림,bus_stop,platform,강릉시
37.755052,128.915824,금호어울림,bus_stop,platform,강릉시
37.754578,128.919496,금호어울림정문,bus_stop,platform,강릉시
37.754715,128.91953,금호어울림정문,bus_stop,platform,강릉시
37.758244,128.794828,기도원삼거리,bus_stop,platform,강릉시
37.758241,128.794964,기도원삼거리,bus_stop,platform,강릉시
37.734227,128.879584,기산A,bus_stop,platform,강릉시
37.734266,128.879907,기산A,bus_stop,platform,강릉시
37.695505,129.0259,까치골,bus_stop,platform,강릉시
37.695581,129.025422,까치골,bus_stop,platform,강릉시
37.625379,129.033682,낙풍리,bus_stop,platform,강릉시
37.62555,129.03408,낙풍리,bus_stop,platform,강릉시
37.622054,129.036772,낙풍리,bus_stop,platform,강릉시
37.620316,129.03396,낙풍리,bus_stop,platform,강릉시
37.620196,129.033951,낙풍리,bus_stop,platform,강릉시
37.619341,129.018685,낙풍리,bus_stop,platform,강릉시
37.619224,129.018703,낙풍리,bus_stop,platform,강릉시
37.623372,129.034742,낙풍리입구,bus_stop,platform,강릉시
37.62339,129.034837,낙풍리입구,bus_stop,platform,강릉시
37.699837,128.900607,남강릉IC입구,bus_stop,platform,강릉시
37.700128,128.90044,남강릉IC입구,bus_stop,platform,강릉시
37.767397,128.913357,남강초교,bus_stop,platform,강릉시
37.754402,128.901237,남대천.강릉교,bus_stop,platform,강릉시
37.754203,128.901113,남대천.강릉교,bus_stop,platform,강릉시
37.729061,128.841572,남밭,bus_stop,platform,강릉시
37.728886,128.84058,남밭,bus_stop,platform,강릉시
37.728937,128.840787,남밭,bus_stop,platform,강릉시
37.742342,128.890167,남산삼익아파트,bus_stop,platform,강릉시
37.742388,128.890067,남산삼익아파트,bus_stop,platform,강릉시
37.747697,128.891841,남산입구,bus_stop,platform,강릉시
37.744283,128.891227,남산초교,bus_stop,platform,강릉시
37.744239,128.891332,남산초교,bus_stop,platform,강릉시
37.741876,128.894545,남산현대아파트,bus_stop,platform,강릉시
37.742054,128.894406,남산현대아파트,bus_stop,platform,강릉시
37.582738,129.035035,남양1리,bus_stop,platform,강릉시
37.582424,129.031625,남양1리회관,bus_stop,platform,강릉시
37.582527,129.031559,남양1리회관,bus_stop,platform,강릉시
37.566434,129.012966,남양2리,bus_stop,platform,강릉시
37.571902,129.014877,남양2리,bus_stop,platform,강릉시
37.571914,129.014742,남양2리,bus_stop,platform,강릉시
37.584771,129.045144,남양3리,bus_stop,platform,강릉시
37.591491,129.035429,남양3리,bus_stop,platform,강릉시
37.5828,129.045398,남양3리,bus_stop,platform,강릉시
37.579224,129.026069,남양보건진료소,bus_stop,platform,강릉시
37.579311,129.025985,남양보건진료소,bus_stop,platform,강릉시
37.764095,128.950671,남항진,bus_stop,platform,강릉시
37.763955,128.950604,남항진,bus_stop,platform,강릉시
37.764142,128.954041,남항진해변,bus_stop,platform,강릉시
37.701893,128.901949,내곡과수원,bus_stop,platform,강릉시
37.702054,128.901678,내곡과수원,bus_stop,platform,강릉시
37.746417,128.887044,내곡교,bus_stop,platform,강릉시
37.745782,128.888099,내곡교,bus_stop,platform,강릉시
37.746587,128.887174,내곡교,bus_stop,platform,강릉시
37.7394,128.881219,내곡동주민센터,bus_stop,platform,강릉시
37.738449,128.880359,내곡동주민센터,bus_stop,platform,강릉시
37.738501,128.880669,내곡동주민센터,bus_stop,platform,강릉시
37.74504,128.881102,내곡한라A,bus_stop,platform,강릉시
37.745178,128.881102,내곡한라A,bus_stop,platform,강릉시
37.74548,128.883286,내곡현대A,bus_stop,platform,강릉시
37.745603,128.883199,내곡현대A,bus_stop,platform,강릉시
37.799271,128.825665,노동3리,bus_stop,platform,강릉시
37.79933,128.825609,노동3리,bus_stop,platform,강릉시
37.800734,128.828725,노동리,bus_stop,platform,강릉시
37.801,128.828812,노동리,bus_stop,platform,강릉시
37.822242,128.841404,노동하리.우리정미소,bus_stop,platform,강릉시
37.822337,128.841374,노동하리.우리정미소,bus_stop,platform,강릉시
37.818187,128.83797,노동회관,bus_stop,platform,강릉시
37.744037,128.903,노암,bus_stop,platform,강릉시
37.744262,128.904751,노암2주공,bus_stop,platform,강릉시
37.744466,128.896471,노암대림아파트,bus_stop,platform,강릉시
37.744415,128.896688,노암대림아파트,bus_stop,platform,강릉시
37.750447,128.906456,노암현대아파트,bus_stop,platform,강릉시
37.759984,128.916356,녹원A,bus_stop,platform,강릉시
37.693185,128.896767,농산물창고,bus_stop,platform,강릉시
37.693216,128.896706,농산물창고,bus_stop,platform,강릉시
37.810751,128.83385,농업기술센터,bus_stop,platform,강릉시
37.81067,128.833724,농업기술센터,bus_stop,platform,강릉시
37.61349,129.038186,농협주유소,bus_stop,platform,강릉시
37.73233,128.878899,농협창고,bus_stop,platform,강릉시
37.732395,128.879057,농협창고,bus_stop,platform,강릉시
37.620466,129.031938,다리목,bus_stop,platform,강릉시
37.620558,129.031925,다리목,bus_stop,platform,강릉시
37.748091,128.896789,단오문화관,bus_stop,platform,강릉시
37.748144,128.896996,단오문화관,bus_stop,platform,강릉시
37.647809,128.78584,닭목골,bus_stop,platform,강릉시
37.647875,128.785969,닭목골,bus_stop,platform,강릉시
37.717566,128.902462,담산1리,bus_stop,platform,강릉시
37.71525,128.901162,담산2리,bus_stop,platform,강릉시
37.710983,128.897951,대경상사앞,bus_stop,platform,강릉시
37.717049,128.80509,대관령박물관,bus_stop,platform,강릉시
37.716941,128.804986,대관령박물관,bus_stop,platform,강릉시
37.684724,128.757731,대관령정상,bus_stop,platform,강릉시
37.75672,128.795543,대궁산장,bus_stop,platform,강릉시
37.756724,128.795655,대궁산장,bus_stop,platform,강릉시
37.565671,128.795657,대기1리경로당,bus_stop,platform,강릉시
37.565636,128.79577,대기1리경로당,bus_stop,platform,강릉시
37.742725,128.896746,대림A삼거리,bus_stop,platform,강릉시
37.755325,128.910325,대목A,bus_stop,platform,강릉시
37.7005,128.888089,대성사입구,bus_stop,platform,강릉시
37.700517,128.887975,대성사입구,bus_stop,platform,강릉시
37.747974,128.909298,더샵 후문,bus_stop,platform,강릉시
37.749689,128.911799,더샵아파트,bus_stop,platform,강릉시
37.749895,128.912198,더샵아파트,bus_stop,platform,강릉시
37.806698,128.834182,덕실리,bus_stop,platform,강릉시
37.628564,128.969039,덕우동,bus_stop,platform,강릉시
37.625909,128.973047,덕우동,bus_stop,platform,강릉시
37.626025,128.973021,덕우동,bus_stop,platform,강릉시
37.702502,128.841841,덕중상사입구,bus_stop,platform,강릉시
37.70242,128.841765,덕중상사입구,bus_stop,platform,강릉시
37.705252,128.926243,덕현리,bus_stop,platform,강릉시
37.710279,128.929768,덕현리마을회관,bus_stop,platform,강릉시
37.710355,128.929684,덕현리마을회관,bus_stop,platform,강릉시
37.71393,128.933758,덕현리입구,bus_stop,platform,강릉시
37.713971,128.93365,덕현리입구,bus_stop,platform,강릉시
37.8798,128.833633,도깨비촬영지,bus_stop,platform,강릉시
37.879656,128.833585,도깨비촬영지,bus_stop,platform,강릉시
37.675877,128.835706,도마1리경로당,bus_stop,platform,강릉시
37.675913,128.835823,도마1리경로당,bus_stop,platform,강릉시
37.763588,128.901623,도시보건지소,bus_stop,platform,강릉시
37.763858,128.901585,도시보건지소,bus_stop,platform,강릉시
37.608633,129.068161,도직리,bus_stop,platform,강릉시
37.608683,129.068331,도직리입구,bus_stop,platform,강릉시
37.57583,128.798889,도화목이,bus_stop,platform,강릉시
37.575858,128.799003,도화목이,bus_stop,platform,강릉시
37.714555,128.988959,동광주유소,bus_stop,platform,강릉시
37.714501,128.988866,동광주유소,bus_stop,platform,강릉시
37.716992,128.961125,동그린,bus_stop,platform,강릉시
37.716961,128.961248,동그린,bus_stop,platform,강릉시
37.764693,128.908797,동남아파트,bus_stop,platform,강릉시
37.777234,128.916341,동명중학교,bus_stop,platform,강릉시
37.776565,128.916083,동명중학교,bus_stop,platform,강릉시
37.784016,128.91515,동부A,bus_stop,platform,강릉시
37.759469,128.900652,동부시장,bus_stop,platform,강릉시
37.731028,128.950335,동양석재,bus_stop,platform,강릉시
37.731238,128.950297,동양석재,bus_stop,platform,강릉시
37.850532,128.804638,동양시멘트입구,bus_stop,platform,강릉시
37.850634,128.804623,동양시멘트입구,bus_stop,platform,강릉시
37.771288,128.909537,동인병원입구,bus_stop,platform,강릉시
37.771044,128.909518,동인병원입구,bus_stop,platform,강릉시
37.724589,128.898458,동해식품,bus_stop,platform,강릉시
37.667264,128.840337,둔지마을,bus_stop,platform,강릉시
37.667253,128.840208,둔지마을,bus_stop,platform,강릉시
37.650827,128.854505,들꽃마을,bus_stop,platform,강릉시
37.650869,128.854405,들꽃마을,bus_stop,platform,강릉시
37.716182,128.861751,등고비,bus_stop,platform,강릉시
37.716215,128.861619,등고비,bus_stop,platform,강릉시
37.711312,129.010246,등명락가사,bus_stop,platform,강릉시
37.711473,129.009995,등명락가사,bus_stop,platform,강릉시
37.702029,129.016245,등명해변,bus_stop,platform,강릉시
37.702383,129.01588,등명해변,bus_stop,platform,강릉시
37.74376,128.908343,똑갑재,bus_stop,platform,강릉시
37.743153,128.908471,똑갑재,bus_stop,platform,강릉시
37.765476,128.909316,로얄아파트,bus_stop,platform,강릉시
37.766914,128.89119,롯데캐슬아파트,bus_stop,platform,강릉시
37.881524,128.825972,맘모스마트,bus_stop,platform,강릉시
37.761624,128.895612,명륜고교후문,bus_stop,platform,강릉시
37.761572,128.895717,명륜고교후문,bus_stop,platform,강릉시
37.826464,128.84899,모래내행복센터,bus_stop,platform,강릉시
37.826778,128.848857,모래내행복센터,bus_stop,platform,강릉시
37.685979,129.037193,모래시계공원,bus_stop,platform,강릉시
37.685699,129.038071,모래시계공원,bus_stop,platform,강릉시
37.731485,128.900384,모산초교,bus_stop,platform,강릉시
37.731469,128.900283,모산초교,bus_stop,platform,강릉시
37.783777,128.903337,모안이서낭당,bus_stop,platform,강릉시
37.783861,128.903246,모안이서낭당,bus_stop,platform,강릉시
37.719852,128.961375,모전1리,bus_stop,platform,강릉시
37.719857,128.961472,모전1리,bus_stop,platform,강릉시
37.712463,128.957722,모전리,bus_stop,platform,강릉시
37.712363,128.957765,모전리,bus_stop,platform,강릉시
37.709892,128.950731,모전리.돌평,bus_stop,platform,강릉시
37.709836,128.95081,모전리.돌평,bus_stop,platform,강릉시
37.725692,128.964567,모전삼거리,bus_stop,platform,강릉시
37.725744,128.965056,모전삼거리,bus_stop,platform,강릉시
37.6468,128.85396,목계리,bus_stop,platform,강릉시
37.637584,128.859264,목계리경로당,bus_stop,platform,강릉시
37.638156,128.858673,목계리경로당,bus_stop,platform,강릉시
37.632747,128.859088,목계마을회관,bus_stop,platform,강릉시
37.63269,128.859003,목계마을회관,bus_stop,platform,강릉시
37.776732,128.874711,문성고등학교,bus_stop,platform,강릉시
37.776884,128.874588,문성고등학교,bus_stop,platform,강릉시
37.743707,128.915729,문암정,bus_stop,platform,강릉시
37.744493,128.91486,문암정,bus_stop,platform,강릉시
37.72296,128.88033,문화마을,bus_stop,platform,강릉시
37.722998,128.880448,문화마을,bus_stop,platform,강릉시
37.829733,128.864918,미노리,bus_stop,platform,강릉시
37.834206,128.863752,미노마을입구,bus_stop,platform,강릉시
37.754475,128.865488,미디어촌A,bus_stop,platform,강릉시
37.754334,128.865737,미디어촌A,bus_stop,platform,강릉시
37.769157,128.902486,미라보A,bus_stop,platform,강릉시
37.769071,128.902568,미라보A,bus_stop,platform,강릉시
37.730369,128.914102,박월동마을회관,bus_stop,platform,강릉시
37.730431,128.914338,박월동마을회관,bus_stop,platform,강릉시
37.76052,128.933708,반쟁이,bus_stop,platform,강릉시
37.643647,129.015875,밤재휴게소,bus_stop,platform,강릉시
37.643636,129.015986,밤재휴게소,bus_stop,platform,강릉시
37.831807,128.875119,방동하리,bus_stop,platform,강릉시
37.83173,128.875044,방동하리,bus_stop,platform,강릉시
37.773844,128.883697,방축거리,bus_stop,platform,강릉시
37.773377,128.883602,방축거리,bus_stop,platform,강릉시
37.642417,128.854331,방터골입구,bus_stop,platform,강릉시
37.642418,128.854232,방터골입구,bus_stop,platform,강릉시
37.576093,128.743241,배나드리,bus_stop,platform,강릉시
37.576069,128.743385,배나드리,bus_stop,platform,강릉시
37.655967,128.850376,백운암입구,bus_stop,platform,강릉시
37.655908,128.850233,백운암입구,bus_stop,platform,강릉시
37.722836,128.962796,버당말,bus_stop,platform,강릉시
37.722816,128.962893,버당말,bus_stop,platform,강릉시
37.850338,128.773533,버들교,bus_stop,platform,강릉시
37.850289,128.774171,버들교,bus_stop,platform,강릉시
37.722278,128.917997,버들교,bus_stop,platform,강릉시
37.72225,128.917883,버들교,bus_stop,platform,강릉시
37.586338,128.777526,벌말,bus_stop,platform,강릉시
37.586073,128.777795,벌말,bus_stop,platform,강릉시
37.785209,128.87351,법원.검찰청,bus_stop,platform,강릉시
37.785095,128.874017,법원.검찰청,bus_stop,platform,강릉시
37.748157,128.908446,병무청,bus_stop,platform,강릉시
37.7498,128.907293,병무청,bus_stop,platform,강릉시
37.74399,128.88303,보건소,bus_stop,platform,강릉시
37.743668,128.882244,보건소,bus_stop,platform,강릉시
37.687842,128.973369,보건진료소,bus_stop,platform,강릉시
37.687824,128.973267,보건진료소,bus_stop,platform,강릉시
37.72105,128.816884,보광리입구,bus_stop,platform,강릉시
37.721182,128.816906,보광리입구,bus_stop,platform,강릉시
37.738111,128.807537,보광리체험학습장,bus_stop,platform,강릉시
37.737995,128.807851,보광리체험학습장,bus_stop,platform,강릉시
37.738167,128.807776,보광리체험학습장,bus_stop,platform,강릉시
37.738142,128.805525,보광보건진료소,bus_stop,platform,강릉시
37.738068,128.805486,보광보건진료소,bus_stop,platform,강릉시
37.746254,128.799358,보광본동,bus_stop,platform,강릉시
37.746238,128.799466,보광본동,bus_stop,platform,강릉시
37.738211,128.802699,보광평,bus_stop,platform,강릉시
37.738303,128.802731,보광평,bus_stop,platform,강릉시
37.736303,128.897846,보리사입구,bus_stop,platform,강릉시
37.736359,128.897752,보리사입구,bus_stop,platform,강릉시
37.90203,128.825706,보성연립,bus_stop,platform,강릉시
37.901954,128.825621,보성연립,bus_stop,platform,강릉시
37.738134,128.792771,보현사종점,bus_stop,platform,강릉시
37.840416,128.6565,부연동입구,bus_stop,platform,강릉시
37.770355,128.882707,부영2차A,bus_stop,platform,강릉시
37.770211,128.882433,부영2차A,bus_stop,platform,강릉시
37.746999,128.906348,부흥마을,bus_stop,platform,강릉시
37.746915,128.906283,부흥마을,bus_stop,platform,강릉시
37.836897,128.844208,북강릉IC,bus_stop,platform,강릉시
37.809574,128.853942,북강릉주차장,bus_stop,platform,강릉시
37.809601,128.85381,북강릉주차장,bus_stop,platform,강릉시
37.621985,128.980421,북동리,bus_stop,platform,강릉시
37.622082,128.98052,북동리,bus_stop,platform,강릉시
37.621939,128.980601,북동리,bus_stop,platform,강릉시
37.611661,128.972138,북동리종점,bus_stop,platform,강릉시
37.820207,128.850688,북부노인대학,bus_stop,platform,강릉시
37.82022,128.850822,북부노인대학,bus_stop,platform,강릉시
37.87473,128.830433,북부노인종합복지관,bus_stop,platform,강릉시
37.874362,128.830628,북부노인종합복지관,bus_stop,platform,강릉시
37.684255,129.024374,분수동,bus_stop,platform,강릉시
37.684198,129.024416,분수동,bus_stop,platform,강릉시
37.574521,128.961649,비성거리,bus_stop,platform,강릉시
37.574224,128.961482,비성거리,bus_stop,platform,강릉시
37.812462,128.898503,사근진,bus_stop,platform,강릉시
37.812803,128.897871,사근진,bus_stop,platform,강릉시
37.617346,128.99199,사기막,bus_stop,platform,강릉시
37.61746,128.992032,사기막,bus_stop,platform,강릉시
37.79276,128.806381,사기막,bus_stop,platform,강릉시
37.793648,128.817467,사기막리,bus_stop,platform,강릉시
37.793537,128.817492,사기막리,bus_stop,platform,강릉시
37.793034,128.81092,사기막마을회관,bus_stop,platform,강릉시
37.793144,128.810942,사기막마을회관,bus_stop,platform,강릉시
37.534254,128.846814,사반,bus_stop,platform,강릉시
37.534201,128.846686,사반,bus_stop,platform,강릉시
37.712015,128.888072,사이말교,bus_stop,platform,강릉시
37.712,128.887972,사이말교,bus_stop,platform,강릉시
37.557847,128.847661,사이소재길,bus_stop,platform,강릉시
37.557843,128.847542,사이소재길,bus_stop,platform,강릉시
37.823902,128.8493,사천면사무소,bus_stop,platform,강릉시
37.823332,128.849142,사천면사무소,bus_stop,platform,강릉시
37.826742,128.846633,사천중학교,bus_stop,platform,강릉시
37.82684,128.846612,사천중학교,bus_stop,platform,강릉시
37.838132,128.873419,사천진리,bus_stop,platform,강릉시
37.838081,128.875726,사천진리,bus_stop,platform,강릉시
37.838084,128.875589,사천진리,bus_stop,platform,강릉시
37.843058,128.873408,사천진해변,bus_stop,platform,강릉시
37.842997,128.873297,사천진해변,bus_stop,platform,강릉시
37.828854,128.87855,사천해변,bus_stop,platform,강릉시
37.828815,128.878351,사천해변,bus_stop,platform,강릉시
37.573565,128.957008,산계,bus_stop,platform,강릉시
37.573432,128.957,산계,bus_stop,platform,강릉시
37.573053,128.953661,산계,bus_stop,platform,강릉시
37.572985,128.953641,산계,bus_stop,platform,강릉시
37.580142,128.975269,산계2리,bus_stop,platform,강릉시
37.579981,128.975136,산계2리,bus_stop,platform,강릉시
37.579847,128.972443,산계2리,bus_stop,platform,강릉시
37.579665,128.972306,산계2리,bus_stop,platform,강릉시
37.574959,128.946029,산계리버스종점,bus_stop,platform,강릉시
37.816068,128.872234,산대월,bus_stop,platform,강릉시
37.822775,128.885607,산대월리.순포,bus_stop,platform,강릉시
37.822705,128.885579,산대월리.순포,bus_stop,platform,강릉시
37.718646,128.984022,산두골,bus_stop,platform,강릉시
37.71856,128.984021,산두골,bus_stop,platform,강릉시
37.854881,128.816431,산림조합,bus_stop,platform,강릉시
37.854801,128.816525,산림조합,bus_stop,platform,강릉시
37.704998,128.845877,산북,bus_stop,platform,강릉시
37.671652,129.017253,산성우2리,bus_stop,platform,강릉시
37.671652,129.017351,산성우2리,bus_stop,platform,강릉시
37.678332,129.022681,산성우2리마을회관,bus_stop,platform,강릉시
37.678235,129.022802,산성우2리마을회관,bus_stop,platform,강릉시
37.750477,128.88693,삼개사입구,bus_stop,platform,강릉시
37.750491,128.886799,삼개사입구,bus_stop,platform,강릉시
37.745189,128.834545,삼거리,bus_stop,platform,강릉시
37.745128,128.834594,삼거리,bus_stop,platform,강릉시
37.879745,128.750001,삼교리종점,bus_stop,platform,강릉시
37.879828,128.750007,삼교리종점,bus_stop,platform,강릉시
37.845584,128.704702,삼산1리,bus_stop,platform,강릉시
37.845824,128.704798,삼산1리,bus_stop,platform,강릉시
37.836372,128.653413,삼산4리,bus_stop,platform,강릉시
37.846751,128.699905,삼산보건진료소,bus_stop,platform,강릉시
37.848404,128.727456,삼산분소,bus_stop,platform,강릉시
37.758158,128.896704,삼성디지털센터,bus_stop,platform,강릉시
37.759599,128.794507,삼왕,bus_stop,platform,강릉시
37.770297,128.919703,삼우은성아파트,bus_stop,platform,강릉시
37.77009,128.918789,삼우은성아파트,bus_stop,platform,강릉시
37.779519,128.933414,삼익아파트,bus_stop,platform,강릉시
37.744795,128.887446,삼창그린맨션,bus_stop,platform,강릉시
37.868948,128.837932,삼천리A,bus_stop,platform,강릉시
37.869115,128.83831,삼천리A,bus_stop,platform,강릉시
37.739776,128.901204,삼흥사,bus_stop,platform,강릉시
37.739857,128.901204,삼흥사,bus_stop,platform,강릉시
37.577771,128.853326,삽당령휴게소,bus_stop,platform,강릉시
37.577685,128.853479,삽당령휴게소,bus_stop,platform,강릉시
37.877509,128.779603,상근내,bus_stop,platform,강릉시
37.87741,128.7796,상근내,bus_stop,platform,강릉시
37.581523,128.975555,상반암,bus_stop,platform,강릉시
37.581532,128.975424,상반암,bus_stop,platform,강릉시
37.718225,128.942464,상시동,bus_stop,platform,강릉시
37.718304,128.942431,상시동,bus_stop,platform,강릉시
37.722478,128.949022,상시동2리마을구판장,bus_stop,platform,강릉시
37.722575,128.949135,상시동2리마을구판장,bus_stop,platform,강릉시
37.685265,128.824543,새재마을,bus_stop,platform,강릉시
37.685242,128.82444,새재마을,bus_stop,platform,강릉시
37.619215,129.009195,샘골,bus_stop,platform,강릉시
37.619333,129.009194,샘골,bus_stop,platform,강릉시
37.729698,128.811634,샘골식당,bus_stop,platform,강릉시
37.729748,128.811766,샘골식당,bus_stop,platform,강릉시
37.626096,128.861952,샘터휴게실,bus_stop,platform,강릉시
37.625899,128.861642,샘터휴게실,bus_stop,platform,강릉시
37.739971,128.86614,서희아파트,bus_stop,platform,강릉시
37.739781,128.866283,서희아파트,bus_stop,platform,강릉시
37.842448,128.820731,석교2리,bus_stop,platform,강릉시
37.754043,128.794263,석불사입구,bus_stop,platform,강릉시
37.75404,128.794357,석불사입구,bus_stop,platform,강릉시
37.785359,128.884746,선교장,bus_stop,platform,강릉시
37.785172,128.884628,선교장,bus_stop,platform,강릉시
37.782081,128.880051,선교장입구,bus_stop,platform,강릉시
37.782178,128.88027,선교장입구,bus_stop,platform,강릉시
37.76327,128.870008,선수촌아파트,bus_stop,platform,강릉시
37.763285,128.870229,선수촌아파트,bus_stop,platform,강릉시
37.595327,128.998187,설암마을,bus_stop,platform,강릉시
37.595458,128.998339,설암마을,bus_stop,platform,강릉시
37.740975,128.921601,섬석교,bus_stop,platform,강릉시
37.740725,128.921618,섬석교,bus_stop,platform,강릉시
37.750929,128.894658,성내동광장,bus_stop,platform,강릉시
37.751025,128.894832,성내동광장,bus_stop,platform,강릉시
37.762756,128.915254,성덕동주민센터,bus_stop,platform,강릉시
37.762948,128.915394,성덕동주민센터,bus_stop,platform,강릉시
37.755783,128.910152,성덕초등학교,bus_stop,platform,강릉시
37.714439,128.827178,성산,bus_stop,platform,강릉시
37.714542,128.827147,성산,bus_stop,platform,강릉시
37.718641,128.832551,성산면사무소,bus_stop,platform,강릉시
37.719001,128.832596,성산면사무소,bus_stop,platform,강릉시
37.715701,128.830889,성산치안센터,bus_stop,platform,강릉시
37.716023,128.831059,성산치안센터,bus_stop,platform,강릉시
37.84734,128.686441,성원사입구,bus_stop,platform,강릉시
37.712474,128.873416,성황당,bus_stop,platform,강릉시
37.712456,128.873514,성황당,bus_stop,platform,강릉시
37.719489,128.89057,성황당교,bus_stop,platform,강릉시
37.821811,128.712476,소금강,bus_stop,platform,강릉시
37.821652,128.712312,소금강,bus_stop,platform,강릉시
37.848346,128.725787,소금강돌박물관,bus_stop,platform,강릉시
37.831366,128.709971,소금강분교,bus_stop,platform,강릉시
37.831345,128.709829,소금강분교,bus_stop,platform,강릉시
37.846633,128.705587,소금강삼거리,bus_stop,platform,강릉시
37.846671,128.705479,소금강삼거리,bus_stop,platform,강릉시
37.84684,128.705454,소금강삼거리,bus_stop,platform,강릉시
37.846931,128.705472,소금강삼거리,bus_stop,platform,강릉시
37.851809,128.7864,소금강체험학습장입구,bus_stop,platform,강릉시
37.852014,128.78678,소금강체험학습장입구,bus_stop,platform,강릉시
37.905442,128.82174,소돌,bus_stop,platform,강릉시
37.905878,128.821428,소돌,bus_stop,platform,강릉시
37.904866,128.829152,소돌아들바위공원,bus_stop,platform,강릉시
37.904837,128.829274,소돌아들바위공원,bus_stop,platform,강릉시
37.705486,128.914691,소양가든,bus_stop,platform,강릉시
37.705484,128.914816,소양가든,bus_stop,platform,강릉시
37.730371,128.924344,소재골길,bus_stop,platform,강릉시
37.730334,128.92429,소재골길,bus_stop,platform,강릉시
37.763693,128.874552,솔올공연장,bus_stop,platform,강릉시
37.76351,128.874236,솔올공연장,bus_stop,platform,강릉시
37.771676,128.879916,솔올중학교,bus_stop,platform,강릉시
37.709262,128.869328,솔향수목원입구,bus_stop,platform,강릉시
37.709373,128.869409,솔향수목원입구,bus_stop,platform,강릉시
37.855437,128.820112,송림,bus_stop,platform,강릉시
37.855665,128.820651,송림,bus_stop,platform,강릉시
37.853488,128.809991,송림2리,bus_stop,platform,강릉시
37.853592,128.810609,송림2리,bus_stop,platform,강릉시
37.852018,128.807959,송림2리경로당,bus_stop,platform,강릉시
37.8521,128.807899,송림2리경로당,bus_stop,platform,강릉시
37.780974,128.826467,송암,bus_stop,platform,강릉시
37.781655,128.837077,송암리노인복지회관,bus_stop,platform,강릉시
37.781733,128.837173,송암리노인복지회관,bus_stop,platform,강릉시
37.757336,128.847858,송양초교,bus_stop,platform,강릉시
37.757437,128.847933,송양초교,bus_stop,platform,강릉시
37.776267,128.934845,송정,bus_stop,platform,강릉시
37.776412,128.934871,송정,bus_stop,platform,강릉시
37.774845,128.931969,송정노인회관,bus_stop,platform,강릉시
37.775222,128.931169,송정노인회관,bus_stop,platform,강릉시
37.774408,128.928554,송정동주민센터,bus_stop,platform,강릉시
37.774507,128.928188,송정동주민센터,bus_stop,platform,강릉시
37.782879,128.930252,송정래미안,bus_stop,platform,강릉시
37.782971,128.930329,송정래미안,bus_stop,platform,강릉시
37.773874,128.936557,송정한신아파트입구,bus_stop,platform,강릉시
37.77409,128.936572,송정한신아파트입구,bus_stop,platform,강릉시
37.773635,128.938562,송정한신아파트후문,bus_stop,platform,강릉시
37.777692,128.938221,송정해변,bus_stop,platform,강릉시
37.779962,128.937189,송정해변,bus_stop,platform,강릉시
37.780053,128.936865,송정해변,bus_stop,platform,강릉시
37.832556,128.643049,송천,bus_stop,platform,강릉시
37.832585,128.642918,송천,bus_stop,platform,강릉시
37.822169,128.634352,송천,bus_stop,platform,강릉시
37.780424,128.894939,수리골,bus_stop,platform,강릉시
37.780494,128.895121,수리골,bus_stop,platform,강릉시
37.895825,128.831416,수협사거리,bus_stop,platform,강릉시
37.895938,128.831194,수협사거리,bus_stop,platform,강릉시
37.894903,128.831466,수협중앙회,bus_stop,platform,강릉시
37.895014,128.831425,수협중앙회,bus_stop,platform,강릉시
37.818538,128.890923,순개울,bus_stop,platform,강릉시
37.819491,128.889642,순개울,bus_stop,platform,강릉시
37.816767,128.892484,순긋해변,bus_stop,platform,강릉시
37.816667,128.892334,순긋해변,bus_stop,platform,강릉시
37.78664,128.892995,순두부마을,bus_stop,platform,강릉시
37.786503,128.892977,순두부마을,bus_stop,platform,강릉시
37.818769,128.851307,숲사랑홍보관,bus_stop,platform,강릉시
37.708485,128.859583,신광사입구,bus_stop,platform,강릉시
37.708578,128.859519,신광사입구,bus_stop,platform,강릉시
37.777357,128.938609,신도브래뉴,bus_stop,platform,강릉시
37.735272,128.922267,신석,bus_stop,platform,강릉시
37.735245,128.922178,신석,bus_stop,platform,강릉시
37.740633,128.921124,신석입구,bus_stop,platform,강릉시
37.740633,128.921214,신석입구,bus_stop,platform,강릉시
37.724219,128.925486,신석종점,bus_stop,platform,강릉시
37.724173,128.925501,신석종점,bus_stop,platform,강릉시
37.733331,128.922146,신석회관,bus_stop,platform,강릉시
37.733328,128.92205,신석회관,bus_stop,platform,강릉시
37.759873,128.856387,신암동산,bus_stop,platform,강릉시
37.759906,128.856297,신암동산,bus_stop,platform,강릉시
37.754547,128.896144,신영극장,bus_stop,platform,강릉시
37.848181,128.790893,신왕리,bus_stop,platform,강릉시
37.848209,128.790773,신왕리,bus_stop,platform,강릉시
37.844168,128.788806,신왕리마을회관,bus_stop,platform,강릉시
37.844144,128.78868,신왕리마을회관,bus_stop,platform,강릉시
37.828578,128.774835,신왕종점,bus_stop,platform,강릉시
37.852856,128.789801,신왕초등학교,bus_stop,platform,강릉시
37.852974,128.789874,신왕초등학교,bus_stop,platform,강릉시
37.787084,128.847507,신평교,bus_stop,platform,강릉시
37.749354,128.897439,신화A,bus_stop,platform,강릉시
37.749349,128.898189,신화A,bus_stop,platform,강릉시
37.740191,128.887711,신화건설,bus_stop,platform,강릉시
37.740378,128.887316,신화건설,bus_stop,platform,강릉시
37.664946,129.050702,심곡,bus_stop,platform,강릉시
37.665019,129.05072,심곡,bus_stop,platform,강릉시
37.703104,128.840072,심불사입구,bus_stop,platform,강릉시
37.703035,128.840015,심불사입구,bus_stop,platform,강릉시
37.68213,129.043776,썬크루즈,bus_stop,platform,강릉시
37.781799,128.896515,아이스아레나,bus_stop,platform,강릉시
37.781696,128.896556,아이스아레나,bus_stop,platform,강릉시
37.524606,128.816763,안고단종점,bus_stop,platform,강릉시
37.745478,128.829126,안곡,bus_stop,platform,강릉시
37.739782,128.837911,안곡약수터입구,bus_stop,platform,강릉시
37.739792,128.837842,안곡약수터입구,bus_stop,platform,강릉시
37.741533,128.837708,안국고개입구,bus_stop,platform,강릉시
37.74155,128.837802,안국고개입구,bus_stop,platform,강릉시
37.772798,128.945468,안목,bus_stop,platform,강릉시
37.772714,128.945893,안목,bus_stop,platform,강릉시
37.772687,128.946014,안목,bus_stop,platform,강릉시
37.770578,128.949343,안목.강릉항,bus_stop,platform,강릉시
37.770418,128.949435,안목.강릉항,bus_stop,platform,강릉시
37.772668,128.945448,안목커피거리,bus_stop,platform,강릉시
37.772375,128.945901,안목커피거리,bus_stop,platform,강릉시
37.772437,128.945795,안목커피거리,bus_stop,platform,강릉시
37.773569,128.945388,안목해변,bus_stop,platform,강릉시
37.773873,128.945274,안목해변,bus_stop,platform,강릉시
37.563802,128.849461,안소재길,bus_stop,platform,강릉시
37.563813,128.849582,안소재길,bus_stop,platform,강릉시
37.73406,128.989341,안인,bus_stop,platform,강릉시
37.733987,128.98934,안인,bus_stop,platform,강릉시
37.72794,128.980381,안인삼거리,bus_stop,platform,강릉시
37.727882,128.980433,안인삼거리,bus_stop,platform,강릉시
37.725693,128.817456,암반욕체험장,bus_stop,platform,강릉시
37.725735,128.8176,암반욕체험장,bus_stop,platform,강릉시
37.900093,128.828069,양양고개,bus_stop,platform,강릉시
37.900076,128.828263,양양고개,bus_stop,platform,강릉시
37.751547,128.902235,양우아파트,bus_stop,platform,강릉시
37.751788,128.902208,양우아파트,bus_stop,platform,강릉시
37.881322,128.825829,양조장,bus_stop,platform,강릉시
37.619835,129.021952,양지마을,bus_stop,platform,강릉시
37.61993,129.021881,양지마을,bus_stop,platform,강릉시
37.696938,128.898396,어단1리,bus_stop,platform,강릉시
37.693103,128.901608,어단1리마을회관,bus_stop,platform,강릉시
37.693022,128.90165,어단1리마을회관,bus_stop,platform,강릉시
37.691507,128.899733,어단1리성황당,bus_stop,platform,강릉시
37.691446,128.899811,어단1리성황당,bus_stop,platform,강릉시
37.696492,128.911467,어단2리마을회관,bus_stop,platform,강릉시
37.696429,128.911518,어단2리마을회관,bus_stop,platform,강릉시
37.689219,128.895242,어단리,bus_stop,platform,강릉시
37.689177,128.895184,어단리,bus_stop,platform,강릉시
37.720364,128.813591,어흘리.굴면동,bus_stop,platform,강릉시
37.719732,128.812406,어흘리.굴면동,bus_stop,platform,강릉시
37.701766,128.939801,언별2리,bus_stop,platform,강릉시
37.701747,128.939907,언별2리,bus_stop,platform,강릉시
37.691296,128.932199,언별리,bus_stop,platform,강릉시
37.859197,128.836969,연곡면사무소,bus_stop,platform,강릉시
37.859373,128.8369,연곡면사무소,bus_stop,platform,강릉시
37.859965,128.837643,연곡면사무소,bus_stop,platform,강릉시
37.859883,128.837496,연곡면사무소,bus_stop,platform,강릉시
37.870154,128.8441,연곡부영A,bus_stop,platform,강릉시
37.869916,128.844161,연곡부영A,bus_stop,platform,강릉시
37.856842,128.828142,연곡초교,bus_stop,platform,강릉시
37.856965,128.828124,연곡초교,bus_stop,platform,강릉시
37.854401,128.813194,연곡취수장입구,bus_stop,platform,강릉시
37.85453,128.813426,연곡취수장입구,bus_stop,platform,강릉시
37.857668,128.8528,연곡해변,bus_stop,platform,강릉시
37.857553,128.85271,연곡해변,bus_stop,platform,강릉시
37.854677,128.841316,연곡해변입구,bus_stop,platform,강릉시
37.854582,128.84162,연곡해변입구,bus_stop,platform,강릉시
37.805803,128.831616,연변,bus_stop,platform,강릉시
37.805887,128.831537,연변,bus_stop,platform,강릉시
37.627838,129.036454,영동정미소,bus_stop,platform,강릉시
37.627855,129.036259,영동정미소,bus_stop,platform,강릉시
37.870609,128.836373,영진입구,bus_stop,platform,강릉시
37.870497,128.836253,영진입구,bus_stop,platform,강릉시
37.868098,128.847682,영진항,bus_stop,platform,강릉시
37.867771,128.847673,영진항,bus_stop,platform,강릉시
37.770498,128.902186,예인수석원,bus_stop,platform,강릉시
37.834996,128.648066,오대산휴게소,bus_stop,platform,강릉시
37.899188,128.834009,오리나루,bus_stop,platform,강릉시
37.899174,128.834132,오리나루,bus_stop,platform,강릉시
37.68277,129.0132,오리동,bus_stop,platform,강릉시
37.682846,129.0132,오리동,bus_stop,platform,강릉시
37.744538,128.937295,오리들마을,bus_stop,platform,강릉시
37.706417,128.820646,오봉,bus_stop,platform,강릉시
37.70633,128.820527,오봉,bus_stop,platform,강릉시
37.709442,128.822241,오봉리,bus_stop,platform,강릉시
37.709621,128.822201,오봉리,bus_stop,platform,강릉시
37.779788,128.933135,오성학교,bus_stop,platform,강릉시
37.778966,128.880079,오죽헌,bus_stop,platform,강릉시
37.779053,128.880071,오죽헌,bus_stop,platform,강릉시
37.779862,128.882742,오죽헌,bus_stop,platform,강릉시
37.78041,128.88245,오죽헌,bus_stop,platform,강릉시
37.602505,129.029946,옥계119안전센터,bus_stop,platform,강릉시
37.602715,129.0305,옥계119안전센터,bus_stop,platform,강릉시
37.612306,129.03872,옥계면사무소,bus_stop,platform,강릉시
37.612377,129.038603,옥계면사무소,bus_stop,platform,강릉시
37.609016,129.035316,옥계현내시장,bus_stop,platform,강릉시
37.608961,129.035088,옥계현내시장,bus_stop,platform,강릉시
37.703823,128.893089,옥봉마을,bus_stop,platform,강릉시
37.761274,128.902425,옥천119안전센터,bus_stop,platform,강릉시
37.760991,128.90318,옥천119안전센터,bus_stop,platform,강릉시
37.728016,128.813791,옥터가든,bus_stop,platform,강릉시
37.728151,128.813785,옥터가든,bus_stop,platform,강릉시
37.588895,129.039791,올밑,bus_stop,platform,강릉시
37.617067,129.003698,옹기마을,bus_stop,platform,강릉시
37.617179,129.00366,옹기마을,bus_stop,platform,강릉시
37.65454,128.787195,왕산골,bus_stop,platform,강릉시
37.654639,128.787346,왕산골,bus_stop,platform,강릉시
37.623714,128.86049,왕산구)종점,bus_stop,platform,강릉시
37.623749,128.860402,왕산구)종점,bus_stop,platform,강릉시
37.689808,128.808571,왕산대기교차로,bus_stop,platform,강릉시
37.689632,128.808569,왕산대기교차로,bus_stop,platform,강릉시
37.675992,128.802885,왕산리2반,bus_stop,platform,강릉시
37.676019,128.803004,왕산리2반,bus_stop,platform,강릉시
37.672202,128.838411,왕산면사무소앞,bus_stop,platform,강릉시
37.672187,128.838313,왕산면사무소앞,bus_stop,platform,강릉시
37.615033,128.859682,왕산사,bus_stop,platform,강릉시
37.615117,128.859519,왕산사,bus_stop,platform,강릉시
37.681384,128.825747,왕산사슴목장,bus_stop,platform,강릉시
37.68137,128.825656,왕산사슴목장,bus_stop,platform,강릉시
37.670471,128.796835,왕산아트센터,bus_stop,platform,강릉시
37.670379,128.796943,왕산아트센터,bus_stop,platform,강릉시
37.7278,128.924317,왜골안길,bus_stop,platform,강릉시
37.727775,128.924268,왜골안길,bus_stop,platform,강릉시
37.754297,128.891339,용강동,bus_stop,platform,강릉시
37.754399,128.891304,용강동,bus_stop,platform,강릉시
37.755035,128.89166,용강동서부시장,bus_stop,platform,강릉시
37.755633,128.891754,용강동서부시장,bus_stop,platform,강릉시
37.721877,128.834687,용봉자동차학원,bus_stop,platform,강릉시
37.722187,128.834486,용봉자동차학원,bus_stop,platform,강릉시
37.76146,128.905264,용지각,bus_stop,platform,강릉시
37.761868,128.905369,용지각,bus_stop,platform,강릉시
37.757498,128.870209,우미린아파트,bus_stop,platform,강릉시
37.760581,128.873351,우편집중국,bus_stop,platform,강릉시
37.761614,128.873476,우편집중국,bus_stop,platform,강릉시
37.732957,128.93671,운산노인회관,bus_stop,platform,강릉시
37.732921,128.936853,운산노인회관,bus_stop,platform,강릉시
37.730779,128.936787,운산분교,bus_stop,platform,강릉시
37.73076,128.936868,운산분교,bus_stop,platform,강릉시
37.83361,128.860096,운양초교,bus_stop,platform,강릉시
37.83354,128.860141,운양초교,bus_stop,platform,강릉시
37.887686,128.8255,원마트,bus_stop,platform,강릉시
37.760201,128.918461,원마트,bus_stop,platform,강릉시
37.760455,128.918511,원마트,bus_stop,platform,강릉시
37.888183,128.825733,원마트,bus_stop,platform,강릉시
37.73806,128.935546,월호평동,bus_stop,platform,강릉시
37.737872,128.93568,월호평동,bus_stop,platform,강릉시
37.74867,128.948925,월호평동,bus_stop,platform,강릉시
37.758705,128.852491,위촌1교,bus_stop,platform,강릉시
37.758772,128.852577,위촌1교,bus_stop,platform,강릉시
37.759607,128.844528,위촌경로당,bus_stop,platform,강릉시
37.75969,128.844582,위촌경로당,bus_stop,platform,강릉시
37.759746,128.836176,위촌리,bus_stop,platform,강릉시
37.614697,128.977628,윗허내,bus_stop,platform,강릉시
37.614684,128.977493,윗허내,bus_stop,platform,강릉시
37.71159,128.862355,윗회산,bus_stop,platform,강릉시
37.711565,128.862463,윗회산,bus_stop,platform,강릉시
37.850336,128.758169,유등.백운사입구,bus_stop,platform,강릉시
37.850442,128.758059,유등.백운사입구,bus_stop,platform,강릉시
37.74005,128.909848,유산동노인회관,bus_stop,platform,강릉시
37.739999,128.909732,유산동노인회관,bus_stop,platform,강릉시
37.735947,128.911906,유산민물장어,bus_stop,platform,강릉시
37.735911,128.911802,유산민물장어,bus_stop,platform,강릉시
37.766603,128.861547,유천동,bus_stop,platform,강릉시
37.766709,128.861579,유천동,bus_stop,platform,강릉시
37.716279,128.87775,유한킴벌리,bus_stop,platform,강릉시
37.716175,128.877825,유한킴벌리,bus_stop,platform,강릉시
37.785844,128.913571,유화A,bus_stop,platform,강릉시
37.785745,128.913455,유화A,bus_stop,platform,강릉시
37.777086,128.877471,율곡교육원,bus_stop,platform,강릉시
37.777156,128.877388,율곡교육원,bus_stop,platform,강릉시
37.76962,128.889111,율곡중정문,bus_stop,platform,강릉시
37.771997,128.890174,율곡중학교,bus_stop,platform,강릉시
37.772215,128.890354,율곡중학교,bus_stop,platform,강릉시
37.765256,128.882259,율곡초등학교,bus_stop,platform,강릉시
37.747098,128.897025,은마아파트,bus_stop,platform,강릉시
37.746683,128.896772,은마아파트,bus_stop,platform,강릉시
37.590308,128.994311,음촌,bus_stop,platform,강릉시
37.590116,128.994258,음촌,bus_stop,platform,강릉시
37.772015,128.922999,이마트,bus_stop,platform,강릉시
37.772196,128.922854,이마트,bus_stop,platform,강릉시
37.783719,128.916973,이화해변타운,bus_stop,platform,강릉시
37.65385,128.959863,임곡,bus_stop,platform,강릉시
37.693796,128.976007,임곡1리,bus_stop,platform,강릉시
37.693797,128.975906,임곡1리,bus_stop,platform,강릉시
37.691169,128.974641,임곡1리마을회관,bus_stop,platform,강릉시
37.691149,128.974743,임곡1리마을회관,bus_stop,platform,강릉시
37.663224,128.965485,임곡2리마을회관,bus_stop,platform,강릉시
37.663265,128.965383,임곡2리마을회관,bus_stop,platform,강릉시
37.676594,128.970272,임곡초등학교,bus_stop,platform,강릉시
37.676626,128.970153,임곡초등학교,bus_stop,platform,강릉시
37.66368,128.793696,임내폭포,bus_stop,platform,강릉시
37.663677,128.793824,임내폭포,bus_stop,platform,강릉시
37.75498,128.906093,입암1주공A,bus_stop,platform,강릉시
37.754417,128.905762,입암1주공A,bus_stop,platform,강릉시
37.765154,128.916241,입암2.3주공,bus_stop,platform,강릉시
37.765031,128.916482,입암2.3주공,bus_stop,platform,강릉시
37.76164,128.916658,입암4주공A,bus_stop,platform,강릉시
37.761909,128.916706,입암4주공A,bus_stop,platform,강릉시
37.75995,128.914644,입암5주공A,bus_stop,platform,강릉시
37.759288,128.91996,입암6주공A,bus_stop,platform,강릉시
37.759075,128.919876,입암6주공A,bus_stop,platform,강릉시
37.759429,128.918121,입암6주공오거리,bus_stop,platform,강릉시
37.759282,128.918213,입암6주공오거리,bus_stop,platform,강릉시
37.753401,128.912383,입암현대A,bus_stop,platform,강릉시
37.753091,128.91236,입암현대A,bus_stop,platform,강릉시
37.762307,128.938899,자루뫼,bus_stop,platform,강릉시
37.762251,128.939073,자루뫼,bus_stop,platform,강릉시
37.695941,128.988474,자원순환센터,bus_stop,platform,강릉시
37.695955,128.988273,자원순환센터,bus_stop,platform,강릉시
37.72637,128.878671,자조와리,bus_stop,platform,강릉시
37.726318,128.878782,자조와리,bus_stop,platform,강릉시
37.707079,128.83086,자포골,bus_stop,platform,강릉시
37.707234,128.8308,자포골,bus_stop,platform,강릉시
37.891048,128.826141,작은다리,bus_stop,platform,강릉시
37.889934,128.825805,작은다리,bus_stop,platform,강릉시
37.750089,128.899476,잠수교,bus_stop,platform,강릉시
37.750165,128.899878,잠수교,bus_stop,platform,강릉시
37.878149,128.795523,장덕1리,bus_stop,platform,강릉시
37.878218,128.795523,장덕1리,bus_stop,platform,강릉시
37.883488,128.771546,장덕2리,bus_stop,platform,강릉시
37.883567,128.771452,장덕2리,bus_stop,platform,강릉시
37.879646,128.777773,장덕2리마을회관,bus_stop,platform,강릉시
37.879688,128.777906,장덕2리마을회관,bus_stop,platform,강릉시
37.752225,128.887402,장수탕,bus_stop,platform,강릉시
37.752327,128.887373,장수탕,bus_stop,platform,강릉시
37.723208,128.972347,장터마을,bus_stop,platform,강릉시
37.723122,128.97238,장터마을,bus_stop,platform,강릉시
37.756763,128.886281,적십자입구,bus_stop,platform,강릉시
37.757225,128.887141,적십자입구,bus_stop,platform,강릉시
37.688471,129.032451,정동교,bus_stop,platform,강릉시
37.688516,129.032366,정동교,bus_stop,platform,강릉시
37.690286,129.032254,정동진역,bus_stop,platform,강릉시
37.690255,129.032163,정동진역,bus_stop,platform,강릉시
37.688054,129.034132,정동초등학교,bus_stop,platform,강릉시
37.68794,129.033642,정동초등학교,bus_stop,platform,강릉시
37.686135,129.040252,정동해변,bus_stop,platform,강릉시
37.686076,129.040192,정동해변,bus_stop,platform,강릉시
37.719742,128.862206,제비1리마을회관,bus_stop,platform,강릉시
37.719706,128.862093,제비1리마을회관,bus_stop,platform,강릉시
37.705297,128.858253,제비리,bus_stop,platform,강릉시
37.70526,128.858356,제비리,bus_stop,platform,강릉시
37.729947,128.859467,제비리정미소,bus_stop,platform,강릉시
37.729907,128.859391,제비리정미소,bus_stop,platform,강릉시
37.702637,128.851943,제비산북교차로,bus_stop,platform,강릉시
37.70263,128.852044,제비산북교차로,bus_stop,platform,강릉시
37.709293,128.861533,제비삼거리,bus_stop,platform,강릉시
37.709216,128.861568,제비삼거리,bus_stop,platform,강릉시
37.775483,128.887747,젤마을,bus_stop,platform,강릉시
37.68149,129.041964,조각공원,bus_stop,platform,강릉시
37.681344,129.041932,조각공원,bus_stop,platform,강릉시
37.773292,128.895492,종합경기장,bus_stop,platform,강릉시
37.773373,128.895761,종합경기장,bus_stop,platform,강릉시
37.770561,128.897382,종합경기장입구,bus_stop,platform,강릉시
37.766682,128.882888,주공1차A,bus_stop,platform,강릉시
37.766912,128.882575,주공1차A,bus_stop,platform,강릉시
37.768484,128.885141,주공2차아파트,bus_stop,platform,강릉시
37.764012,128.879688,주공3차A,bus_stop,platform,강릉시
37.757893,128.868117,주길,bus_stop,platform,강릉시
37.758137,128.868099,주길,bus_stop,platform,강릉시
37.897529,128.830654,주문2리,bus_stop,platform,강릉시
37.897597,128.83047,주문2리,bus_stop,platform,강릉시
37.889992,128.82825,주문진수산시장,bus_stop,platform,강릉시
37.890289,128.828406,주문진수산시장,bus_stop,platform,강릉시
37.884614,128.825091,주문진시외버스터미널,bus_stop,platform,강릉시
37.885113,128.825312,주문진시외버스터미널,bus_stop,platform,강릉시
37.882485,128.821901,주문진읍민회관,bus_stop,platform,강릉시
37.882582,128.821633,주문진읍민회관,bus_stop,platform,강릉시
37.87987,128.826716,주문진중.고등학교.강릉정보고,bus_stop,platform,강릉시
37.878921,128.826911,주문진중학교,bus_stop,platform,강릉시
37.894651,128.829265,주문진파출소,bus_stop,platform,강릉시
37.894593,128.82859,주문진파출소,bus_stop,platform,강릉시
37.89275,128.826736,주문진항입구,bus_stop,platform,강릉시
37.892711,128.826891,주문진항입구,bus_stop,platform,강릉시
37.909362,128.817021,주문진해변,bus_stop,platform,강릉시
37.909411,128.817178,주문진해변,bus_stop,platform,강릉시
37.90882,128.821637,주문진해변,bus_stop,platform,강릉시
37.908748,128.821556,주문진해변,bus_stop,platform,강릉시
37.614596,129.044648,주수1리,bus_stop,platform,강릉시
37.617712,129.049253,주수1리,bus_stop,platform,강릉시
37.614689,129.044564,주수1리,bus_stop,platform,강릉시
37.617808,129.049219,주수1리,bus_stop,platform,강릉시
37.618187,129.052984,주수2리,bus_stop,platform,강릉시
37.618064,129.052008,주수2리,bus_stop,platform,강릉시
37.775404,128.888126,중앙석재,bus_stop,platform,강릉시
37.757435,128.922317,중앙초교,bus_stop,platform,강릉시
37.757348,128.922034,중앙초교,bus_stop,platform,강릉시
37.797521,128.860394,즈므.과학단지,bus_stop,platform,강릉시
37.797268,128.860826,즈므.과학단지,bus_stop,platform,강릉시
37.790852,128.85045,즈므교,bus_stop,platform,강릉시
37.771922,128.876677,지변동,bus_stop,platform,강릉시
37.842937,128.658644,진고개휴게소,bus_stop,platform,강릉시
37.843017,128.65879,진고개휴게소,bus_stop,platform,강릉시
37.706908,128.863673,진골,bus_stop,platform,강릉시
37.706879,128.863367,진골,bus_stop,platform,강릉시
37.759279,128.926684,차돌광,bus_stop,platform,강릉시
37.758992,128.92671,차돌광,bus_stop,platform,강릉시
37.909617,128.798051,참샘,bus_stop,platform,강릉시
37.596512,129.031913,천남리,bus_stop,platform,강릉시
37.593019,129.033153,천남리,bus_stop,platform,강릉시
37.699216,128.914645,천주교회,bus_stop,platform,강릉시
37.699211,128.914769,천주교회,bus_stop,platform,강릉시
37.737709,128.948597,철길건널목앞,bus_stop,platform,강릉시
37.832212,128.847791,청솔공원,bus_stop,platform,강릉시
37.832352,128.847486,청솔공원,bus_stop,platform,강릉시
37.783959,128.916956,초당,bus_stop,platform,강릉시
37.78637,128.922627,초당분수공원,bus_stop,platform,강릉시
37.786199,128.924214,초당분수공원,bus_stop,platform,강릉시
37.786735,128.914029,초당새마을금고,bus_stop,platform,강릉시
37.786719,128.914136,초당새마을금고,bus_stop,platform,강릉시
37.791184,128.915444,초당순두부마을,bus_stop,platform,강릉시
37.791139,128.915522,초당순두부마을,bus_stop,platform,강릉시
37.870953,128.795634,탄약고,bus_stop,platform,강릉시
37.66015,128.846102,탑동교,bus_stop,platform,강릉시
37.660083,128.845996,탑동교,bus_stop,platform,강릉시
37.724407,128.996716,통일공원안보전시관,bus_stop,platform,강릉시
37.724373,128.996591,통일공원안보전시관,bus_stop,platform,강릉시
37.718401,129.004185,통일공원함정전시관,bus_stop,platform,강릉시
37.718501,129.003988,통일공원함정전시관,bus_stop,platform,강릉시
37.851162,128.752583,퇴곡,bus_stop,platform,강릉시
37.851051,128.752535,퇴곡,bus_stop,platform,강릉시
37.849273,128.742108,퇴곡1리경로당,bus_stop,platform,강릉시
37.849388,128.741941,퇴곡1리경로당,bus_stop,platform,강릉시
37.848007,128.716608,퇴곡2리,bus_stop,platform,강릉시
37.848099,128.71666,퇴곡2리,bus_stop,platform,강릉시
37.834318,128.86307,판교리,bus_stop,platform,강릉시
37.74068,128.905095,평안의집,bus_stop,platform,강릉시
37.740749,128.905028,평안의집,bus_stop,platform,강릉시
37.552665,128.849622,평촌,bus_stop,platform,강릉시
37.552721,128.849517,평촌,bus_stop,platform,강릉시
37.768065,128.908509,포남1동주민센터,bus_stop,platform,강릉시
37.768247,128.908669,포남1동주민센터,bus_stop,platform,강릉시
37.779089,128.917962,포남2주공입구,bus_stop,platform,강릉시
37.778969,128.918274,포남2주공입구,bus_stop,platform,강릉시
37.763952,128.907662,포남시장,bus_stop,platform,강릉시
37.771715,128.876695,풋살경기장옆,bus_stop,platform,강릉시
37.738143,128.97383,프라임솔트,bus_stop,platform,강릉시
37.728732,128.878906,프라자약국,bus_stop,platform,강릉시
37.7288,128.879006,프라자약국,bus_stop,platform,강릉시
37.645854,129.006737,피내,bus_stop,platform,강릉시
37.645933,129.006716,피내,bus_stop,platform,강릉시
37.753508,128.894048,하나금융투자,bus_stop,platform,강릉시
37.741069,128.880266,하나로마트내곡점,bus_stop,platform,강릉시
37.740636,128.88017,하나로마트내곡점,bus_stop,platform,강릉시
37.584223,128.981121,하반암,bus_stop,platform,강릉시
37.584227,128.980884,하반암,bus_stop,platform,강릉시
37.708312,129.012007,하슬라아트월드,bus_stop,platform,강릉시
37.707357,129.011844,하슬라아트월드,bus_stop,platform,강릉시
37.770605,128.907243,하슬라중,bus_stop,platform,강릉시
37.770427,128.907469,하슬라중,bus_stop,platform,강릉시
37.74915,128.959181,하시동,bus_stop,platform,강릉시
37.740897,128.959954,하시동3리3반,bus_stop,platform,강릉시
37.737447,128.955682,하시동3리마을회관,bus_stop,platform,강릉시
37.736263,128.940673,하시동입구,bus_stop,platform,강릉시
37.736186,128.940512,하시동입구,bus_stop,platform,강릉시
37.765153,128.88254,하이빌현대A,bus_stop,platform,강릉시
37.714115,128.917286,하이샤시,bus_stop,platform,강릉시
37.714099,128.917162,하이샤시,bus_stop,platform,강릉시
37.836349,128.872155,하평리,bus_stop,platform,강릉시
37.834393,128.866646,하평리,bus_stop,platform,강릉시
37.804633,128.861001,학고개,bus_stop,platform,강릉시
37.805597,128.860186,학고개,bus_stop,platform,강릉시
37.716188,128.889304,학마을앞,bus_stop,platform,강릉시
37.71625,128.889225,학마을앞,bus_stop,platform,강릉시
37.709867,128.894205,학산1리,bus_stop,platform,강릉시
37.70626,128.888663,학산2리마을회관,bus_stop,platform,강릉시
37.706308,128.888572,학산2리마을회관,bus_stop,platform,강릉시
37.704555,128.903225,학산3리마을회관,bus_stop,platform,강릉시
37.704478,128.903496,학산3리마을회관,bus_stop,platform,강릉시
37.712157,128.905862,학산기갑부대앞,bus_stop,platform,강릉시
37.71223,128.905924,학산기갑부대앞,bus_stop,platform,강릉시
37.713748,128.894566,학산둔지,bus_stop,platform,강릉시
37.711616,128.901943,학산부대앞,bus_stop,platform,강릉시
37.711777,128.902028,학산부대앞,bus_stop,platform,강릉시
37.712069,128.901747,학산부대앞,bus_stop,platform,강릉시
37.719514,128.90194,학산부대후문,bus_stop,platform,강릉시
37.695812,128.893168,학산설래,bus_stop,platform,강릉시
37.695829,128.893068,학산설래,bus_stop,platform,강릉시
37.760727,128.93354,학우리,bus_stop,platform,강릉시
37.814588,128.835126,한과마을,bus_stop,platform,강릉시
37.814759,128.835152,한과마을,bus_stop,platform,강릉시
37.758319,128.901122,한국자산관리공사,bus_stop,platform,강릉시
37.738411,128.888675,한국폴리텍대학,bus_stop,platform,강릉시
37.617904,129.056765,한라시멘트,bus_stop,platform,강릉시
37.617789,129.056763,한라시멘트,bus_stop,platform,강릉시
37.598212,129.030944,한라아파트,bus_stop,platform,강릉시
37.598205,129.030821,한라아파트,bus_stop,platform,강릉시
37.791644,128.864515,한밭입구,bus_stop,platform,강릉시
37.791627,128.864969,한밭입구,bus_stop,platform,강릉시
37.694045,128.907084,한빛마을입구,bus_stop,platform,강릉시
37.775112,128.91415,한솔초교,bus_stop,platform,강릉시
37.775067,128.914517,한솔초교,bus_stop,platform,강릉시
37.73117,128.984487,한전사택,bus_stop,platform,강릉시
37.73106,128.984495,한전사택,bus_stop,platform,강릉시
37.5583,128.702181,한터마을,bus_stop,platform,강릉시
37.734759,128.850408,할머니추어탕,bus_stop,platform,강릉시
37.779004,128.934995,해당화연립,bus_stop,platform,강릉시
37.778582,128.935601,해당화연립,bus_stop,platform,강릉시
37.792291,128.814324,해살이,bus_stop,platform,강릉시
37.792401,128.814336,해살이,bus_stop,platform,강릉시
37.785781,128.889737,해운정,bus_stop,platform,강릉시
37.785692,128.889669,해운정,bus_stop,platform,강릉시
37.707109,128.901731,해찬들,bus_stop,platform,강릉시
37.707119,128.901635,해찬들,bus_stop,platform,강릉시
37.760002,128.930449,핸들,bus_stop,platform,강릉시
37.759683,128.930222,핸들,bus_stop,platform,강릉시
37.852718,128.794027,행정,bus_stop,platform,강릉시
37.852776,128.794219,행정,bus_stop,platform,강릉시
37.850888,128.766965,행정2리,bus_stop,platform,강릉시
37.851011,128.76693,행정2리,bus_stop,platform,강릉시
37.850444,128.778675,행정2리,bus_stop,platform,강릉시
37.788661,128.869939,행정마을,bus_stop,platform,강릉시
37.788617,128.870399,행정마을,bus_stop,platform,강릉시
37.915438,128.810598,향호리,bus_stop,platform,강릉시
37.915202,128.810383,향호리,bus_stop,platform,강릉시
37.910434,128.805632,향호삼거리,bus_stop,platform,강릉시
37.910433,128.805699,향호삼거리,bus_stop,platform,강릉시
37.90409,128.78868,향호저수지,bus_stop,platform,강릉시
37.899663,128.803611,향호회관,bus_stop,platform,강릉시
37.790195,128.909818,허균.허난설헌기념공원,bus_stop,platform,강릉시
37.790279,128.909904,허균.허난설헌기념공원,bus_stop,platform,강릉시
37.789883,128.90993,허균.허난설헌기념공원,bus_stop,platform,강릉시
37.789987,128.909812,허균.허난설헌기념공원,bus_stop,platform,강릉시
37.787771,128.91358,허균생가입구,bus_stop,platform,강릉시
37.787753,128.913503,허균생가입구,bus_stop,platform,강릉시
37.787817,128.912971,허균생가입구,bus_stop,platform,강릉시
37.787927,128.912993,허균생가입구,bus_stop,platform,강릉시
37.791706,128.91277,허난설헌삼거리,bus_stop,platform,강릉시
37.791812,128.91314,허난설헌삼거리,bus_stop,platform,강릉시
37.606189,129.03287,현내1리연탄직매장,bus_stop,platform,강릉시
37.606319,129.032805,현내1리연탄직매장,bus_stop,platform,강릉시
37.601253,129.029333,현내리,bus_stop,platform,강릉시
37.601363,129.02927,현내리,bus_stop,platform,강릉시
37.617924,129.036577,현내리,bus_stop,platform,강릉시
37.617906,129.036444,현내리,bus_stop,platform,강릉시
37.764405,128.880066,현대2차아파트,bus_stop,platform,강릉시
37.707488,128.988617,현대모비스,bus_stop,platform,강릉시
37.707531,128.988505,현대모비스,bus_stop,platform,강릉시
37.765112,128.918974,현대자동차서비스,bus_stop,platform,강릉시
37.84697,128.709991,현덕사입구,bus_stop,platform,강릉시
37.847069,128.709895,현덕사입구,bus_stop,platform,강릉시
37.768445,128.915701,혜성연립,bus_stop,platform,강릉시
37.768597,128.915528,혜성연립,bus_stop,platform,강릉시
37.73817,128.960882,호장골,bus_stop,platform,강릉시
37.747402,128.879276,홍제I.C,bus_stop,platform,강릉시
37.747519,128.878893,홍제I.C,bus_stop,platform,강릉시
37.747897,128.884226,홍제동주민센터,bus_stop,platform,강릉시
37.748143,128.884732,홍제동주민센터,bus_stop,platform,강릉시
37.764339,128.897682,화부산막국수,bus_stop,platform,강릉시
37.764329,128.897815,화부산막국수,bus_stop,platform,강릉시
37.721807,128.902477,화신주방,bus_stop,platform,강릉시
37.575382,128.85164,화실길,bus_stop,platform,강릉시
37.575382,128.851757,화실길,bus_stop,platform,강릉시
37.741844,128.869388,회산교,bus_stop,platform,강릉시
37.741725,128.868921,회산교,bus_stop,platform,강릉시
37.744665,128.87928,회산주공1단지,bus_stop,platform,강릉시
37.744626,128.878797,회산주공1단지,bus_stop,platform,강릉시
37.743645,128.875501,회산주공2단지,bus_stop,platform,강릉시
37.743672,128.876083,회산주공2단지,bus_stop,platform,강릉시
37.674367,129.045127,효도마을,bus_stop,platform,강릉시
37.674344,129.045027,효도마을,bus_stop,platform,강릉시
37.577684,129.023726,흑시골,bus_stop,platform,강릉시
37.577789,129.023669,흑시골,bus_stop,platform,강릉시
